time/fps,time/total_timesteps,rollout/ep_rew_mean,time/iterations,time/time_elapsed,rollout/ep_len_mean,train/learning_rate,train/approx_kl,train/clip_fraction,train/explained_variance,train/clip_range,train/loss,train/value_loss,train/n_updates,train/entropy_loss,train/policy_gradient_loss
776,2048,-565.6,1,2,343.2,,,,,,,,,,
263,4096,-977.3076923076923,2,15,312.38461538461536,0.0003,0.11233538,0.05872395833333333,-0.0003979206085205078,0.5,296.812255859375,1392.9064169486364,15,-1.300995822995901,-0.02349974554211561
218,6144,-672.6923076923077,3,28,235.19230769230768,0.0003,0.08970173,0.14697265625,0.21679848432540894,0.5,1173.0833740234375,2417.3349697271983,30,-1.3462928084035715,-0.038979139228952894
200,8192,-654.65625,4,40,252.71875,0.0003,0.10940697,0.18264973958333333,0.33531075716018677,0.5,610.609619140625,1449.3595827817917,45,-1.3730539492021003,-0.052791789874390815
191,10240,-749.9722222222222,5,53,280.19444444444446,0.0003,0.084321536,0.04723307291666667,0.09639716148376465,0.5,511.3690490722656,1463.2483403921128,60,-1.359915111338099,-0.016862950391562968
185,12288,-685.2325581395348,6,66,279.1860465116279,0.0003,0.093164146,0.180078125,0.30868983268737793,0.5,347.35400390625,1324.8291759729386,75,-1.361641113149623,-0.05469145931613942
182,14336,-554.3928571428571,7,78,253.625,0.0003,0.054348033,0.047591145833333334,0.2713978886604309,0.5,91.09539031982422,1512.906170376142,90,-1.3501517267897725,-0.026657715068843877
179,16384,-558.9516129032259,8,91,260.03225806451616,0.0003,0.073844805,0.04912109375,0.3890378475189209,0.5,324.9845275878906,928.1784890492758,105,-1.3262970314050715,-0.02574390398270528
177,18432,-456.0,9,104,230.1,0.0003,0.09524308,0.14811197916666666,0.2219143509864807,0.5,99.46528625488281,1045.7882777055104,120,-1.2615585381165146,-0.049048959445402336
175,20480,-437.7586206896552,10,116,232.45977011494253,0.0003,0.066911906,0.13893229166666668,0.3688090443611145,0.5,243.3468017578125,1192.879097723961,135,-1.288352551870048,-0.04506615442369366
173,22528,-395.47474747474746,11,129,226.78787878787878,0.0003,0.045468766,0.06920572916666666,0.0941917896270752,0.5,2171.916748046875,1374.605797302723,150,-1.2827375708147883,-0.030407683054363588
172,24576,-253.38,12,142,198.66,0.0003,0.055063985,0.06015625,0.22622030973434448,0.5,169.74705505371094,739.1634866754214,165,-1.2464853043978412,-0.026542197209831406
171,26624,-219.38,13,155,204.07,0.0003,0.05765195,0.09212239583333333,0.3312367796897888,0.5,390.37188720703125,801.8061899900437,180,-1.269195584083597,-0.025191622988980575
170,28672,-135.31,14,168,185.66,0.0003,0.05268488,0.0453125,0.1719578504562378,0.5,459.17724609375,1005.3028764645259,195,-1.2354062853381038,-0.01742065239183527
169,30720,-93.11,15,181,169.25,0.0003,0.084255435,0.15836588541666666,0.05954188108444214,0.5,187.70323181152344,894.5449770053227,210,-1.1856698700537285,-0.050629004570510006
166,32768,-65.31,16,196,165.09,0.0003,0.07158952,0.10341796875,0.2647847533226013,0.5,160.17347717285156,468.0668294628461,225,-1.2284834102417033,-0.02216182642077911
165,34816,-43.03,17,210,165.96,0.0003,0.062095825,0.07467447916666667,0.48449021577835083,0.5,256.6866149902344,725.8862324615319,240,-1.2565124827747545,-0.02051178961652719
165,36864,-32.52,18,222,168.5,0.0003,0.06403417,0.10494791666666667,0.3652465343475342,0.5,212.83375549316406,602.3699350814024,255,-1.261417509553333,-0.029055385550721742
164,38912,-16.66,19,235,164.7,0.0003,0.044826433,0.065625,0.21941912174224854,0.5,54.288631439208984,396.5967505991459,270,-1.2512358661741019,-0.025590770714431225
164,40960,-2.78,20,248,170.44,0.0003,0.04934215,0.0576171875,0.5055394470691681,0.5,86.23379516601562,409.8176472345988,285,-1.2532202324519555,-0.01669049436992888
164,43008,5.63,21,261,176.04,0.0003,0.05239387,0.053385416666666664,0.5236538648605347,0.5,88.90583801269531,343.1708752552668,300,-1.2441338856394093,-0.022642540080899682
163,45056,21.1,22,274,178.37,0.0003,0.06450706,0.06546223958333333,0.3775784373283386,0.5,89.10262298583984,809.2043342471122,315,-1.2435805406421423,-0.021714034453240553
163,47104,24.37,23,287,179.95,0.0003,0.06834018,0.09075520833333334,0.4928819537162781,0.5,81.51251220703125,299.38445255557696,330,-1.251390338440736,-0.022874894140356143
163,49152,36.57,24,300,190.66,0.0003,0.036704358,0.05852864583333333,0.1744406819343567,0.5,48.94001007080078,376.0526660680771,345,-1.248640880982081,-0.01738545862281171
163,51200,57.39,25,313,174.49,0.0003,0.043747038,0.053125,0.6506046652793884,0.5,105.91585540771484,283.0018811792135,360,-1.2261429061492284,-0.013988575220961745
163,53248,70.33,26,325,163.02,0.0003,0.041174352,0.056803385416666664,0.6009542346000671,0.5,250.9604949951172,479.73277436296144,375,-1.245747611237069,-0.022747909644264534
163,55296,75.68,27,338,167.69,0.0003,0.057530932,0.09475911458333333,0.6633291244506836,0.5,88.78549194335938,342.4138837635517,390,-1.2035921161994338,-0.03124650465179002
163,57344,76.14,28,351,171.04,0.0003,0.065952554,0.10387369791666666,0.7425987720489502,0.5,47.08481979370117,203.24375491539638,405,-1.2087745467200874,-0.035638057740046254
162,59392,60.69,29,365,182.31,0.0003,0.050965052,0.07972005208333334,0.5083071887493134,0.5,82.20076751708984,293.8661635816097,420,-1.1816678579586248,-0.024610902873246233
162,61440,67.18,30,377,176.54,0.0003,0.056249417,0.08030598958333333,0.5384291708469391,0.5,123.18567657470703,333.6637993067503,435,-1.1673433455328146,-0.025134752330874713
162,63488,86.36,31,390,167.4,0.0003,0.051799826,0.09078776041666667,0.5589316487312317,0.5,144.11424255371094,274.6741155008475,450,-1.1558957083150745,-0.025528569317733247
162,65536,86.66,32,403,166.38,0.0003,0.040636305,0.05797526041666667,0.5869792401790619,0.5,143.11936950683594,428.9565042515596,465,-1.1083600481040776,-0.019578916455914926
162,67584,98.38,33,416,170.1,0.0003,0.06163659,0.07913411458333333,0.5720830857753754,0.5,58.194480895996094,364.95458288788797,480,-1.1334768211469055,-0.023394032102563262
162,69632,113.62,34,429,174.29,0.0003,0.045381844,0.06171875,0.6327219307422638,0.5,72.84175872802734,248.83012100756167,495,-1.1150951678243777,-0.024239794358436484
162,71680,112.06,35,442,185.93,0.0003,0.06008795,0.07919921875,0.6162563860416412,0.5,184.0267333984375,363.46687366465727,510,-1.1076128295001884,-0.031400553622370354
162,73728,112.29,36,454,198.99,0.0003,0.05519017,0.0791015625,0.371623694896698,0.5,65.12572479248047,615.4908180356026,525,-1.1205639728344976,-0.022417456974411228
162,75776,112.79,37,467,200.11,0.0003,0.082948975,0.14501953125,0.5339715480804443,0.5,82.90280151367188,346.82464008728664,540,-1.1098551388519506,-0.03790615275211166
161,77824,109.61,38,480,196.52,0.0003,0.03989838,0.07154947916666667,0.5050859749317169,0.5,89.01380920410156,364.142192915082,555,-1.121568644233048,-0.018022898010531207
161,79872,104.34,39,493,202.11,0.0003,0.053244792,0.06819661458333333,0.682758092880249,0.5,64.80830383300781,378.1288697222869,570,-1.1044106293159226,-0.0174518985307562
162,81920,97.11,40,505,207.34,0.0003,0.051835284,0.07994791666666666,0.72996786236763,0.5,66.26504516601562,317.5585763454437,585,-1.0929128788722058,-0.02072138975102765
161,83968,98.0,41,518,215.27,0.0003,0.05431048,0.073828125,0.6029098331928253,0.5,191.48013305664062,280.49693421125414,600,-1.06264750668779,-0.025552897336698757
161,86016,102.39,42,531,217.82,0.0003,0.045377012,0.07470703125,0.4958506226539612,0.5,54.69756317138672,367.89499133229253,615,-1.0461701622853676,-0.020926242529094453
161,88064,99.13,43,545,227.47,0.0003,0.06366259,0.09609375,0.6368132531642914,0.5,68.99891662597656,268.91196971933044,630,-1.0557592737178008,-0.025925881957664387
160,90112,103.33,44,560,235.73,0.0003,0.05259478,0.07864583333333333,0.7498270273208618,0.5,69.75733947753906,229.4300095140934,645,-1.0152031945064663,-0.02730763045256026
160,92160,108.09,45,573,244.25,0.0003,0.03903575,0.05205078125,0.5171226859092712,0.5,52.71367263793945,414.8607017427683,660,-1.002208823400239,-0.014267358221210695
160,94208,108.63,46,586,256.43,0.0003,0.04795087,0.08118489583333334,0.503408282995224,0.5,137.5685577392578,341.93814565936725,675,-1.0059303094012042,-0.02147867322394935
160,96256,107.1,47,599,270.69,0.0003,0.053632237,0.08502604166666666,0.2830730676651001,0.5,36.153804779052734,302.53414508303007,690,-1.0366592183709145,-0.033973854650442566
160,98304,102.26,48,612,284.31,0.0003,0.029773008,0.05673828125,0.5213115215301514,0.5,40.352291107177734,349.8838575323423,705,-1.0285338271098832,-0.021492424540944435
160,100352,103.69,49,624,292.1,0.0003,0.05760537,0.10276692708333333,0.6355023980140686,0.5,27.505327224731445,326.38202061355116,720,-0.9979777407211562,-0.027596488706331003
160,102400,117.36,50,637,298.96,0.0003,0.063570924,0.07975260416666667,0.5115379989147186,0.5,40.891334533691406,365.8776847332716,735,-1.0141519245070716,-0.022985015737504
160,104448,125.53,51,650,298.3,0.0003,0.038568586,0.05970052083333333,0.39461565017700195,0.5,254.06515502929688,423.28731978734334,750,-0.9906839862155418,-0.020985832913963047
160,106496,152.18,52,663,298.89,0.0003,0.053954072,0.09599609375,0.6068203747272491,0.5,89.89263153076172,358.1440961400668,765,-1.0664064466332397,-0.023999143736000407
160,108544,169.99,53,675,302.97,0.0003,0.0731192,0.06748046875,0.41490262746810913,0.5,984.357421875,608.4391957352559,780,-0.9940155481298765,-0.018374463110376382
160,110592,191.36,54,688,300.88,0.0003,0.054614127,0.09375,0.5015143156051636,0.5,137.70570373535156,367.681242954731,795,-1.042068003769964,-0.018968553264009338
160,112640,202.45,55,701,314.35,0.0003,0.0491459,0.08365885416666667,0.5694071650505066,0.5,238.01943969726562,436.4705699612697,810,-1.0568058291760585,-0.021573441574825363
160,114688,208.59,56,714,317.82,0.0003,0.057428442,0.06305338541666666,0.5748104453086853,0.5,92.04296112060547,458.68627725342907,825,-1.023835909149299,-0.022858308081534537
160,116736,217.84,57,726,321.56,0.0003,0.06067051,0.11266276041666666,0.639641672372818,0.5,100.89830017089844,345.65587810675305,840,-1.0585307207889856,-0.028038370375240144
160,118784,209.94,58,739,332.55,0.0003,0.046981607,0.07548828125,0.4010213613510132,0.5,108.89311981201172,481.1394896676143,855,-1.0734369833332797,-0.027155038307682844
160,120832,219.62,59,751,339.78,0.0003,0.051783297,0.10615234375,0.605470597743988,0.5,49.454002380371094,317.6835002322992,870,-1.0543260384351014,-0.029094229054195845
160,122880,215.03,60,764,335.7,0.0003,0.06965135,0.09140625,0.6204226613044739,0.5,67.23027038574219,272.61053431232773,885,-1.072532683238387,-0.024488163284452944
160,124928,212.55,61,777,343.92,0.0003,0.060002446,0.09384765625,0.6556531488895416,0.5,72.25778198242188,333.41623506943387,900,-0.9977970027675231,-0.027603433906188003
160,126976,207.18,62,790,344.0,0.0003,0.044886384,0.08232421875,0.611626923084259,0.5,91.47758483886719,521.1283162196477,915,-1.0244678346129754,-0.025683888393056502
160,129024,218.24,63,803,340.52,0.0003,0.04173074,0.07138671875,0.6762105226516724,0.5,96.49491119384766,431.7009491423766,930,-1.004604281236728,-0.016574070699910712
160,131072,223.97,64,815,340.96,0.0003,0.043532427,0.07893880208333333,0.5401968359947205,0.5,26.032695770263672,505.53602905174097,945,-1.0065896308670441,-0.02297456363036569
160,133120,240.12,65,828,341.84,0.0003,0.04293798,0.066796875,0.6936810612678528,0.5,83.11417388916016,452.264519004027,960,-1.020429659479608,-0.015289923324235132
160,135168,261.28,66,841,332.51,0.0003,0.047650486,0.07900390625,0.7029550671577454,0.5,85.3980484008789,357.8311144153277,975,-0.9494839073779683,-0.01954771909780296
160,137216,264.36,67,854,338.83,0.0003,0.045902137,0.06663411458333333,0.5620889067649841,0.5,204.41046142578125,550.7321464677651,990,-0.9096102414342264,-0.02093746068494511
160,139264,276.07,68,866,338.65,0.0003,0.046299964,0.060286458333333334,0.5737622976303101,0.5,2363.539794921875,512.4528739223878,1005,-0.8914694970163206,-0.018620586523502423
160,141312,275.61,69,879,347.87,0.0003,0.04802745,0.047102864583333334,0.559078723192215,0.5,124.12653350830078,645.2217770457268,1020,-0.8834650203275184,-0.014064416777788817
160,143360,254.61,70,892,354.29,0.0003,0.045204416,0.08033854166666667,0.5632692575454712,0.5,115.78144836425781,452.20573979020116,1035,-0.9054038704683384,-0.014474884303975461
160,145408,235.58,71,905,361.51,0.0003,0.06951925,0.09697265625,0.5417720973491669,0.5,151.9904327392578,492.00319989522296,1050,-0.9288120407611131,-0.02036642935005754
160,147456,223.59,72,920,371.08,0.0003,0.07231681,0.09925130208333334,0.6946813464164734,0.5,70.57955932617188,379.40162185331184,1065,-0.9234341576074561,-0.03397588756197365
160,149504,211.27,73,933,378.84,0.0003,0.065855786,0.112109375,0.6693775951862335,0.5,135.14892578125,446.0302990972996,1080,-0.9256605161974828,-0.03057268407016333
160,151552,208.05,74,946,375.84,0.0003,0.05722785,0.08834635416666667,0.7412337958812714,0.5,88.04959106445312,483.00069318215054,1095,-0.9328667708051701,-0.02218364298363061
160,153600,216.68,75,959,379.28,0.0003,0.09224429,0.11337890625,0.7289566099643707,0.5,43.55231475830078,424.3808623949687,1110,-0.9378099185414612,-0.03253568913084261
160,155648,212.23,76,971,384.52,0.0003,0.06679446,0.09508463541666666,0.7143993377685547,0.5,79.7467041015625,504.9456601123015,1125,-0.9546345272722344,-0.026769301330447585
160,157696,214.31,77,984,384.65,0.0003,0.055459082,0.08746744791666666,0.7631031572818756,0.5,35.32744598388672,242.6697542687257,1140,-0.9704651255471011,-0.02824546348286579
160,159744,223.48,78,996,387.18,0.0003,0.06635925,0.0921875,0.7357085347175598,0.5,33.58755111694336,209.2674398938815,1155,-0.9436995194293558,-0.027663556644013928
160,161792,254.01,79,1009,387.06,0.0003,0.042274192,0.079296875,0.7299633324146271,0.5,44.398521423339844,395.8693529913823,1170,-0.9161654090819259,-0.026716883246748088
160,163840,260.87,80,1022,391.31,0.0003,0.04226935,0.07086588541666666,0.5128471255302429,0.5,33.32575988769531,548.2948125580947,1185,-0.9190624189252655,-0.019970267543006532
160,165888,273.28,81,1035,390.57,0.0003,0.06958615,0.10361328125,0.7347679734230042,0.5,58.02959442138672,245.12706213891505,1200,-0.9066593524689476,-0.025645784159132747
160,167936,268.62,82,1047,393.83,0.0003,0.053480808,0.08850911458333334,0.700152188539505,0.5,63.51217269897461,280.28120922048885,1215,-0.855853084071229,-0.020199620851296157
160,169984,278.37,83,1060,398.11,0.0003,0.053067636,0.08274739583333333,0.7012822329998016,0.5,14.793793678283691,253.76530403594177,1230,-0.8083715540356934,-0.021984732180862922
160,172032,273.84,84,1073,393.18,0.0003,0.061092008,0.08229166666666667,0.8029971122741699,0.5,115.9557113647461,236.21263761421045,1245,-0.7988996379387875,-0.027435436880235406
160,174080,264.56,85,1086,396.29,0.0003,0.075859845,0.11744791666666667,0.7461660802364349,0.5,38.505882263183594,249.34780260821182,1260,-0.8441363037874301,-0.03818680909316754
160,176128,269.7,86,1098,396.08,0.0003,0.06336516,0.0828125,0.7896650582551956,0.5,37.85871124267578,198.38915764490764,1275,-0.8154594300314784,-0.026732742679693427
160,178176,261.26,87,1111,399.75,0.0003,0.07043262,0.09596354166666667,0.436978280544281,0.5,75.5302505493164,443.069995161891,1290,-0.8196711451125641,-0.021800978120397
160,180224,263.39,88,1124,404.97,0.0003,0.06642757,0.108203125,0.7211922109127045,0.5,18.013959884643555,198.11786048611006,1305,-0.8083271328515063,-0.02575167942244055
160,182272,265.09,89,1136,404.78,0.0003,0.056806393,0.09088541666666666,0.7305083274841309,0.5,27.17144775390625,260.17379609843096,1320,-0.8216079833296438,-0.023595161006596754
160,184320,317.48,90,1149,394.77,0.0003,0.053499363,0.07594401041666667,0.7660096138715744,0.5,36.80536651611328,248.9822531670332,1335,-0.8429282833822072,-0.0240119560075982
160,186368,322.91,91,1162,397.2,0.0003,0.06213385,0.09622395833333333,0.8295703530311584,0.5,27.631694793701172,210.3055252969265,1350,-0.8549573734092216,-0.024859793375253503
160,188416,339.8,92,1175,388.99,0.0003,0.07277103,0.09794921875,0.8278369903564453,0.5,59.4777717590332,197.50662055710953,1365,-0.8255341088709732,-0.02767981495174657
160,190464,347.26,93,1187,391.58,0.0003,0.062205836,0.09329427083333333,0.8379077613353729,0.5,27.418533325195312,196.83680231769878,1380,-0.8106911225865284,-0.025048050896293715
160,192512,360.58,94,1200,390.34,0.0003,0.07589199,0.11217447916666666,0.8418563157320023,0.5,25.751670837402344,146.06943036466836,1395,-0.7738530726792912,-0.023776716779442115
160,194560,376.22,95,1212,393.51,0.0003,0.06709415,0.07887369791666667,0.7810184955596924,0.5,35.9427490234375,233.44523690541584,1410,-0.7644594199645023,-0.020952194129980246
160,196608,377.03,96,1224,399.24,0.0003,0.051122963,0.075,0.8534582704305649,0.5,36.56389236450195,211.88828035121162,1425,-0.7899647667383154,-0.020093702521019927
160,198656,381.06,97,1236,403.44,0.0003,0.08439297,0.09375,0.8114977777004242,0.5,28.744264602661133,246.72400294144947,1440,-0.8483629247794549,-0.029985022315183112
160,200704,362.18,98,1248,407.32,0.0003,0.060638502,0.08606770833333334,0.8642368912696838,0.5,9.435853958129883,187.65430961151918,1455,-0.8148462283114593,-0.02449369833120727
160,202752,352.39,99,1260,410.06,0.0003,0.10109837,0.14169921875,0.8412500470876694,0.5,55.37226104736328,218.2406799316406,1470,-0.8549885094786683,-0.037013633077488825
160,204800,349.63,100,1272,409.79,0.0003,0.0876143,0.13720703125,0.8854304477572441,0.5,51.394020080566406,224.71246533691883,1485,-0.8557208034520348,-0.03414228208894201
160,206848,343.08,101,1287,414.93,0.0003,0.066674344,0.09189453125,0.816941648721695,0.5,48.11712646484375,219.24769964714844,1500,-0.8584801215368013,-0.027250859263707145
160,208896,351.22,102,1304,410.81,0.0003,0.076336324,0.13141276041666666,0.8490149825811386,0.5,30.562162399291992,181.03466097414494,1515,-0.8827526770842572,-0.043776506303159594
160,210944,346.04,103,1316,410.79,0.0003,0.047536943,0.0900390625,0.795350968837738,0.5,62.28196334838867,223.41715659350157,1530,-0.8364244343092044,-0.022813302204061376
160,212992,354.88,104,1328,416.11,0.0003,0.053313516,0.08040364583333333,0.7567121833562851,0.5,47.72997283935547,331.13779871662456,1545,-0.8471126969903707,-0.031146844839774226
160,215040,357.99,105,1340,405.8,0.0003,0.0592701,0.09938151041666667,0.6873874664306641,0.5,49.684288024902344,397.75349614272517,1560,-0.7948660600309571,-0.01882846305015846
160,217088,347.07,106,1352,406.31,0.0003,0.07627003,0.10579427083333333,0.7254229485988617,0.5,24.71467399597168,277.36514887859425,1575,-0.7881379053927958,-0.03139188508018075
160,219136,352.86,107,1364,402.87,0.0003,0.06713937,0.09772135416666666,0.6494123339653015,0.5,48.379417419433594,348.1400088523825,1590,-0.8104998461902142,-0.02217433994495271
160,221184,355.57,108,1376,402.66,0.0003,0.06223086,0.09680989583333334,0.7325607538223267,0.5,52.45611572265625,321.01133883297445,1605,-0.7945188118455311,-0.035467646592102636
160,223232,357.93,109,1388,400.63,0.0003,0.046258256,0.093359375,0.7250410616397858,0.5,46.006900787353516,327.15970469415186,1620,-0.7511510280581812,-0.028148240492009792
160,225280,371.38,110,1400,392.58,0.0003,0.07363856,0.102734375,0.6925612390041351,0.5,113.50634002685547,331.54657107988993,1635,-0.7122979611313591,-0.028710926330192402
160,227328,380.01,111,1412,394.05,0.0003,0.050462976,0.10084635416666667,0.6039636135101318,0.5,8.980290412902832,381.9872702439626,1650,-0.7345757161267101,-0.020503820725328598
161,229376,386.15,112,1424,392.13,0.0003,0.050541714,0.08919270833333333,0.8249038904905319,0.5,24.536924362182617,217.07844937543075,1665,-0.6965091894225528,-0.02346797170048376
161,231424,386.78,113,1436,386.12,0.0003,0.049340237,0.07233072916666666,0.7998230457305908,0.5,58.53001403808594,214.60644976993402,1680,-0.7099953039549292,-0.01513220408402655
161,233472,385.55,114,1448,386.79,0.0003,0.053576574,0.07493489583333333,0.5349443852901459,0.5,64.5849609375,425.8308060655991,1695,-0.6839290132746101,-0.021368258737250775
161,235520,393.28,115,1460,386.85,0.0003,0.038418517,0.06695963541666666,0.5756821036338806,0.5,65.65630340576172,426.60392922659713,1710,-0.6584923352114856,-0.020575610108304925
161,237568,406.65,116,1472,386.46,0.0003,0.06002979,0.10048828125,0.7358195781707764,0.5,100.41136169433594,383.8677298039198,1725,-0.6673015992312382,-0.026046622696109505
161,239616,426.48,117,1484,377.64,0.0003,0.07600573,0.10849609375,0.8728998154401779,0.5,23.16565704345703,194.11011587381364,1740,-0.6587799452090015,-0.03143652458990497
161,241664,439.77,118,1496,371.42,0.0003,0.04601659,0.07574869791666666,0.666198194026947,0.5,58.834651947021484,330.6021942406893,1755,-0.6364610298847159,-0.021749057727720355
161,243712,467.63,119,1508,366.35,0.0003,0.05603885,0.08444010416666667,0.6525841653347015,0.5,46.95161056518555,320.98606669207413,1770,-0.6201023698163529,-0.024737672285361136
161,245760,469.39,120,1520,367.75,0.0003,0.046143927,0.056901041666666666,0.5386655926704407,0.5,52.4322395324707,474.2670292923848,1785,-0.6412602838749687,-0.017268403947673504
161,247808,476.1,121,1532,370.64,0.0003,0.05148323,0.07923177083333334,0.8272050023078918,0.5,69.44086456298828,215.6044101834297,1800,-0.6419175693920504,-0.02522053576176404
161,249856,479.67,122,1544,370.43,0.0003,0.07620911,0.09397786458333333,0.8792384564876556,0.5,38.35520553588867,203.3013407568137,1815,-0.6620812653563917,-0.03479317438662596
161,251904,480.8,123,1556,377.65,0.0003,0.09918672,0.11087239583333333,0.7828135043382645,0.5,50.77570724487305,332.41838940630356,1830,-0.6370141873757045,-0.02725764186543529
161,253952,475.17,124,1568,386.5,0.0003,0.057812475,0.08004557291666667,0.6790908575057983,0.5,80.35388946533203,349.8866798122724,1845,-0.6595752142059307,-0.029629924762169444
161,256000,472.13,125,1581,390.39,0.0003,0.06086536,0.08776041666666666,0.8750820979475975,0.5,50.58942794799805,256.26469819098713,1860,-0.6210207313764841,-0.019795468520896975
161,258048,477.47,126,1593,392.36,0.0003,0.06562362,0.07711588541666667,0.8700517863035202,0.5,34.47842025756836,232.48125918209553,1875,-0.6270911629622181,-0.029165198757133717
162,260096,465.41,127,1605,395.07,0.0003,0.032967,0.061360677083333336,0.7602587938308716,0.5,97.8233413696289,395.6585237234831,1890,-0.6529883871941516,-0.01920457379698443
162,262144,462.75,128,1617,397.58,0.0003,0.06933643,0.09534505208333334,0.7846465408802032,0.5,25.588035583496094,216.96627396742502,1905,-0.6991692777412634,-0.023744824227226975
162,264192,465.97,129,1629,403.73,0.0003,0.07220271,0.09016927083333333,0.7985142171382904,0.5,120.5475845336914,264.7412541459004,1920,-0.677070275383691,-0.026082622545800405
161,266240,464.71,130,1644,403.73,0.0003,0.066632085,0.08121744791666667,0.7716710418462753,0.5,70.74937438964844,285.47514344900844,1935,-0.6263341763056814,-0.03052678935249181
161,268288,466.76,131,1656,400.84,0.0003,0.044725582,0.06946614583333334,0.8154364377260208,0.5,58.150657653808594,299.240379220744,1950,-0.6165337678355475,-0.012988797530852025
162,270336,468.05,132,1668,408.09,0.0003,0.04950013,0.07041015625,0.611723929643631,0.5,37.95227813720703,554.2620175043742,1965,-0.6662839714592944,-0.01650961203498203
162,272384,461.39,133,1680,408.87,0.0003,0.0610356,0.09163411458333333,0.8632000833749771,0.5,34.301292419433594,215.06461552331845,1980,-0.6542495214535544,-0.02829566590880859
162,274432,449.35,134,1692,412.86,0.0003,0.056463234,0.0845703125,0.8499575704336166,0.5,42.28642272949219,250.53233837336302,1995,-0.6446987238091727,-0.024321679219186383
162,276480,454.0,135,1704,414.08,0.0003,0.064447194,0.08483072916666666,0.8730559796094894,0.5,37.22676086425781,154.5837288553516,2010,-0.6618505097304781,-0.02831418143978226
162,278528,453.83,136,1716,414.06,0.0003,0.091154315,0.1212890625,0.8377947211265564,0.5,45.959476470947266,336.4390294392904,2025,-0.6535008480151494,-0.03633176540606655
162,280576,459.1,137,1728,416.93,0.0003,0.055480547,0.06969401041666666,0.8006539940834045,0.5,32.84029006958008,368.7310892537236,2040,-0.6542254419066011,-0.01575539444020251
162,282624,451.75,138,1740,428.53,0.0003,0.062682495,0.076953125,0.7447115182876587,0.5,62.83586883544922,345.47237650752066,2055,-0.585729091707617,-0.02261549861735451
162,284672,453.16,139,1752,436.1,0.0003,0.055041697,0.07877604166666667,0.8826495110988617,0.5,23.333833694458008,194.41563381453355,2070,-0.5758769625021766,-0.02476026832058172
162,286720,439.02,140,1764,441.81,0.0003,0.06477853,0.07513020833333334,0.9140603989362717,0.5,35.38184356689453,168.99196456919114,2085,-0.6156043660050879,-0.02582176182816814
162,288768,430.5,141,1776,447.25,0.0003,0.06332653,0.09329427083333333,0.8580743968486786,0.5,17.929555892944336,236.36453239222368,2100,-0.6788581734678397,-0.02626933388140363
162,290816,439.11,142,1788,454.14,0.0003,0.06920768,0.09404296875,0.8726992756128311,0.5,48.34161376953125,208.90030159006517,2115,-0.6495305601973087,-0.02899557818285151
162,292864,442.65,143,1799,451.79,0.0003,0.06417492,0.08043619791666666,0.8892971277236938,0.5,83.95828247070312,217.71701678931714,2130,-0.680715432173262,-0.028786950856253195
162,294912,438.87,144,1812,454.33,0.0003,0.05993014,0.08388671875,0.8422764390707016,0.5,63.32862854003906,254.5052642852068,2145,-0.6811530701350421,-0.02569304598509916
162,296960,435.97,145,1823,458.16,0.0003,0.054615825,0.0796875,0.8756569102406502,0.5,139.07797241210938,266.8642416268587,2160,-0.6694916103190433,-0.024037830515590032
162,299008,448.4,146,1836,459.36,0.0003,0.037138656,0.060872395833333336,0.8639311343431473,0.5,64.92839813232422,195.949643689394,2175,-0.6345922972386082,-0.016415670999413122
162,301056,456.2,147,1847,459.36,0.0003,0.06060193,0.078515625,0.9062357097864151,0.5,23.105335235595703,161.02380619645118,2190,-0.6419733235922952,-0.0287792574573056
162,303104,468.59,148,1860,459.31,0.0003,0.056924853,0.07412109375,0.9079234376549721,0.5,5.481816291809082,152.56053364500403,2205,-0.6780002379945169,-0.017987025258723102
163,305152,475.84,149,1872,459.31,0.0003,0.051797464,0.07848307291666666,0.8618920147418976,0.5,46.050941467285156,228.43338427742322,2220,-0.6518485037765155,-0.021474044592590266
163,307200,485.04,150,1883,462.31,0.0003,0.060767785,0.07861328125,0.894977018237114,0.5,24.3034725189209,191.78672435283661,2235,-0.665467819555973,-0.0238862912045685
163,309248,488.67,151,1896,460.53,0.0003,0.058074363,0.07998046875,0.8620789498090744,0.5,36.30498504638672,178.49871701300145,2250,-0.5597776161196332,-0.029296556859723447
163,311296,499.49,152,1908,463.28,0.0003,0.092694685,0.10944010416666666,0.8176272660493851,0.5,32.54079055786133,212.97074252466362,2265,-0.5664975787512958,-0.026738037781615275
163,313344,493.33,153,1920,463.41,0.0003,0.056898683,0.08059895833333333,0.8686442077159882,0.5,18.941505432128906,344.51554939448835,2280,-0.6148566934745758,-0.026974583282571983
163,315392,489.49,154,1932,465.08,0.0003,0.10751988,0.13763020833333334,0.8540682345628738,0.5,25.166873931884766,196.3685321311156,2295,-0.6792504999320954,-0.03091213655182704
163,317440,485.68,155,1945,464.66,0.0003,0.08306993,0.10556640625,0.8120199143886566,0.5,45.434078216552734,238.47435442358255,2310,-0.6879866485483944,-0.03686419790586418
163,319488,494.93,156,1957,469.9,0.0003,0.07208982,0.08401692708333333,0.8118453472852707,0.5,51.249305725097656,216.30639033416907,2325,-0.6646513428383817,-0.024884989868102517
163,321536,489.1,157,1969,469.9,0.0003,0.05646771,0.0748046875,0.8413787186145782,0.5,19.65435791015625,225.54362416962783,2340,-0.6049389044443766,-0.023455144301745653
163,323584,485.85,158,1982,470.05,0.0003,0.07275175,0.11559244791666666,0.8578040450811386,0.5,15.563379287719727,209.20727688173454,2355,-0.7594340743807455,-0.034981404938541044
163,325632,487.38,159,1994,470.07,0.0003,0.06781721,0.1158203125,0.8930151090025902,0.5,41.743446350097656,200.87233374118804,2370,-0.7285481203037004,-0.03861187538811161
163,327680,482.4,160,2009,471.28,0.0003,0.06538893,0.07828776041666667,0.8959581926465034,0.5,23.098257064819336,184.7525426218907,2385,-0.6614569781192888,-0.024539628081735525
163,329728,501.63,161,2021,470.58,0.0003,0.050917156,0.08079427083333333,0.8840274512767792,0.5,15.184723854064941,196.63224591463805,2400,-0.6189172248666485,-0.024436971221681838
163,331776,503.6,162,2033,470.58,0.0003,0.05473602,0.08271484375,0.8440136015415192,0.5,18.526042938232422,303.5641969750325,2415,-0.6424721899287155,-0.01798929744727502
163,333824,509.81,163,2045,470.58,0.0003,0.047173344,0.07893880208333333,0.90318663418293,0.5,28.18475914001465,144.2187199672063,2430,-0.6016932180461784,-0.019374824329618907
163,335872,516.75,164,2057,467.49,0.0003,0.05244838,0.076953125,0.8841017484664917,0.5,22.674543380737305,180.49575729121764,2445,-0.5491207963166137,-0.02745815367331185
163,337920,515.56,165,2069,467.49,0.0003,0.06973928,0.08684895833333334,0.8998099863529205,0.5,19.548583984375,184.33534260590872,2460,-0.575217507701988,-0.03130420894085546
163,339968,509.52,166,2081,471.71,0.0003,0.04609157,0.06432291666666666,0.891743890941143,0.5,51.1345100402832,165.57141221662363,2475,-0.6263754843423764,-0.020586228207321255
163,342016,515.18,167,2093,471.71,0.0003,0.04386133,0.08141276041666666,0.9186750948429108,0.5,56.64773941040039,169.82201102574666,2490,-0.6277505441413571,-0.02094819187744482
163,344064,524.75,168,2105,470.45,0.0003,0.05781266,0.07666015625,0.8810047060251236,0.5,50.45306396484375,166.50477343897026,2505,-0.5804926024749875,-0.02711744970959747
163,346112,527.4,169,2117,466.99,0.0003,0.0506513,0.081640625,0.9206121489405632,0.5,24.405126571655273,158.58497038086256,2520,-0.5970391710444043,-0.026623897503426027
163,348160,527.53,170,2129,463.57,0.0003,0.069591485,0.089453125,0.8761718198657036,0.5,39.26583480834961,248.12546875923871,2535,-0.5600940766278655,-0.02606451594256214
163,350208,527.12,171,2141,466.54,0.0003,0.07780649,0.09453125,0.874978706240654,0.5,20.655073165893555,192.18827382524807,2550,-0.5685104534185181,-0.03544155555500765
163,352256,523.88,172,2154,466.54,0.0003,0.059190065,0.0810546875,0.9163393303751945,0.5,53.20113754272461,173.91349407583476,2565,-0.5885558509578307,-0.023097060050834745
163,354304,518.45,173,2166,463.34,0.0003,0.05800208,0.09114583333333333,0.9118296429514885,0.5,33.4048957824707,119.98504435966412,2580,-0.5784891654116412,-0.028947223084590707
163,356352,525.87,174,2178,468.69,0.0003,0.049470615,0.06842447916666666,0.8784526437520981,0.5,40.81484603881836,182.0848436097304,2595,-0.5265592212323099,-0.02495871857633271
163,358400,517.15,175,2190,469.3,0.0003,0.049279325,0.06458333333333334,0.8964361250400543,0.5,40.445228576660156,220.23367737730345,2610,-0.5388675006261716,-0.019013216745709844
163,360448,525.49,176,2202,473.01,0.0003,0.059090197,0.08014322916666666,0.9235577136278152,0.5,30.16561508178711,157.55955028384923,2625,-0.6000338504401346,-0.021781060619953982
163,362496,525.34,177,2214,478.14,0.0003,0.046769794,0.07265625,0.8454597443342209,0.5,37.50236892700195,300.8510276635488,2640,-0.6434426865540445,-0.015481676126122087
163,364544,520.2,178,2226,479.73,0.0003,0.07805643,0.10563151041666667,0.8584483712911606,0.5,124.34490203857422,233.8333167165518,2655,-0.6459210568728546,-0.03843381695720988
163,366592,526.18,179,2238,480.29,0.0003,0.06220308,0.09736328125,0.9169888347387314,0.5,34.370906829833984,155.0719751785199,2670,-0.6793843194221457,-0.030730727971725477
163,368640,533.81,180,2250,478.05,0.0003,0.055242423,0.07236328125,0.7845678627490997,0.5,12.872922897338867,408.68233057608205,2685,-0.6653864051991453,-0.019105468897275085
163,370688,539.44,181,2262,476.9,0.0003,0.07463625,0.11142578125,0.846998006105423,0.5,50.83534240722656,197.977140412728,2700,-0.6439246389238785,-0.034475221727916505
163,372736,535.95,182,2274,475.81,0.0003,0.08089803,0.0716796875,0.8834727928042412,0.5,35.305091857910156,285.9365662202239,2715,-0.6318064644932747,-0.027119706203545018
163,374784,528.11,183,2286,470.97,0.0003,0.05371146,0.07649739583333333,0.8446122109889984,0.5,13.262081146240234,257.7507089212537,2730,-0.6562663306482136,-0.026620775225940935
163,376832,511.27,184,2298,465.14,0.0003,0.08107145,0.11061197916666667,0.8711128830909729,0.5,81.58383178710938,291.73248500724634,2745,-0.6617589155832927,-0.032914350349650096
163,378880,510.52,185,2310,465.14,0.0003,0.0641631,0.08020833333333334,0.7943001985549927,0.5,42.25080871582031,182.27694277564686,2760,-0.6491626266234864,-0.016859516628877223
163,380928,502.48,186,2323,465.14,0.0003,0.060355503,0.07747395833333333,0.8929820880293846,0.5,12.665739059448242,129.75938960636657,2775,-0.6216092484537512,-0.02230812284954785
163,382976,494.87,187,2335,468.3,0.0003,0.07690132,0.09521484375,0.9325337186455727,0.5,16.99620819091797,115.26772191797694,2790,-0.6269159117247909,-0.03169642095284265
164,385024,494.81,188,2347,468.3,0.0003,0.057757862,0.08570963541666667,0.9010383859276772,0.5,111.17697143554688,186.26974838326376,2805,-0.6391891454346478,-0.029485480205645825
164,387072,495.6,189,2359,468.3,0.0003,0.076529905,0.10016276041666666,0.8981733471155167,0.5,77.38201904296875,167.62696393330893,2820,-0.6340368049684912,-0.0316404075815323
163,389120,492.97,190,2374,467.68,0.0003,0.061188508,0.09635416666666667,0.9186272248625755,0.5,4.469945430755615,130.0101669078072,2835,-0.6268751249803851,-0.024561028167954645
163,391168,489.94,191,2386,469.85,0.0003,0.068714336,0.07805989583333334,0.903075821697712,0.5,17.841354370117188,171.27916707446178,2850,-0.6174898163881153,-0.02859549791428435
163,393216,488.13,192,2398,469.9,0.0003,0.075099975,0.07819010416666666,0.8659854382276535,0.5,34.899169921875,209.0380336150527,2865,-0.6545087526707599,-0.025267300037618647
163,395264,488.92,193,2410,473.32,0.0003,0.060153723,0.07366536458333334,0.9109243750572205,0.5,15.810848236083984,145.86038826455672,2880,-0.6616558409916858,-0.020745075068043663
163,397312,488.64,194,2422,474.55,0.0003,0.060081467,0.07311197916666666,0.8963849321007729,0.5,42.342041015625,197.56126644512017,2895,-0.6410158093553037,-0.02176097665845494
163,399360,487.58,195,2435,474.55,0.0003,0.07111586,0.08880208333333334,0.9115354269742966,0.5,25.246219635009766,130.94643622810642,2910,-0.6063201257493347,-0.02497333422797965
164,401408,491.79,196,2447,476.76,0.0003,0.0567436,0.06917317708333333,0.8978145346045494,0.5,32.05352020263672,202.69530548850696,2925,-0.6228258521916966,-0.021952663885591996
164,403456,492.3,197,2459,477.57,0.0003,0.04883721,0.06839192708333333,0.9024793952703476,0.5,27.286773681640625,199.2880418245991,2940,-0.5768497214807818,-0.026640270699378257
164,405504,487.45,198,2471,474.56,0.0003,0.0641152,0.08160807291666666,0.8940183222293854,0.5,28.443281173706055,181.08310202260813,2955,-0.6267048039318373,-0.02452794219692199
164,407552,489.24,199,2483,475.29,0.0003,0.06676724,0.09934895833333333,0.892487607896328,0.5,96.985107421875,198.12654154549043,2970,-0.6310601742162059,-0.02948765454154151
164,409600,487.99,200,2495,474.16,0.0003,0.06387648,0.07825520833333334,0.8977182134985924,0.5,34.6038703918457,171.9748132497072,2985,-0.6390389126259833,-0.022123519375600153
164,411648,494.17,201,2507,474.16,0.0003,0.05634233,0.08017578125,0.8821360841393471,0.5,36.461666107177734,175.52532339642445,3000,-0.6171657754573971,-0.030513261761128282
164,413696,487.21,202,2519,475.16,0.0003,0.057841703,0.08304036458333333,0.8999847695231438,0.5,12.67087459564209,138.3603846867879,3015,-0.5661644512632241,-0.028999158542137592
164,415744,492.5,203,2531,477.4,0.0003,0.06321001,0.07692057291666667,0.8785903230309486,0.5,60.81854248046875,180.06535778045654,3030,-0.5399872270723184,-0.02686278053515707
164,417792,497.08,204,2543,478.55,0.0003,0.0779697,0.10166015625,0.8739570379257202,0.5,85.9167709350586,203.61138813843328,3045,-0.506527497471931,-0.03625321599586944
164,419840,496.36,205,2555,479.64,0.0003,0.056491047,0.0755859375,0.9084580168128014,0.5,25.949321746826172,202.83544099777936,3060,-0.45846912229899317,-0.026275074733712246
164,421888,507.39,206,2567,481.61,0.0003,0.0979487,0.11223958333333334,0.9231038764119148,0.5,55.152923583984375,167.02819046229124,3075,-0.4728060942608863,-0.027491980029541688
164,423936,516.99,207,2579,483.3,0.0003,0.095710486,0.1033203125,0.9101110175251961,0.5,18.524677276611328,145.03435675601165,3090,-0.49776041399066645,-0.03287717419740754
164,425984,515.74,208,2591,487.36,0.0003,0.051047083,0.08531901041666666,0.8792240917682648,0.5,69.61109924316406,228.28169457217058,3105,-0.5008382260799408,-0.024610414975419794
164,428032,513.4,209,2603,486.82,0.0003,0.064764276,0.09430338541666666,0.8843795508146286,0.5,13.535943031311035,148.0703877111276,3120,-0.4585781204979867,-0.026515334772799784
164,430080,522.0,210,2615,486.82,0.0003,0.054453246,0.07565104166666667,0.8807345107197762,0.5,22.231290817260742,193.0477332706253,3135,-0.47359254924425237,-0.027263644796281974
164,432128,534.76,211,2627,482.47,0.0003,0.046424724,0.06953125,0.8999017849564552,0.5,19.407503128051758,178.31028555730978,3150,-0.43579523838901274,-0.02312974087811502
164,434176,539.15,212,2639,482.47,0.0003,0.04700456,0.0638671875,0.8928640112280846,0.5,88.54116821289062,211.56382721761864,3165,-0.4212018391738335,-0.02606346561102934
164,436224,535.22,213,2651,482.47,0.0003,0.056014143,0.07415364583333334,0.8905238583683968,0.5,30.36551284790039,200.5667129476865,3180,-0.481383467768319,-0.018440408999473825
164,438272,534.6,214,2663,483.09,0.0003,0.0717068,0.09827473958333334,0.9004242792725563,0.5,40.45307159423828,123.29782699594895,3195,-0.49958326655905694,-0.030464440017870704
164,440320,537.96,215,2676,482.18,0.0003,0.07833524,0.08707682291666667,0.8945444151759148,0.5,19.751766204833984,146.6127426971992,3210,-0.506370871886611,-0.030333579761645524
164,442368,532.61,216,2688,475.9,0.0003,0.0488452,0.0822265625,0.8221934139728546,0.5,12.254308700561523,200.63236864854892,3225,-0.6077411100578805,-0.02198223716962578
164,444416,532.85,217,2701,473.53,0.0003,0.045133084,0.06585286458333334,0.8793359473347664,0.5,25.62025260925293,270.0889807154735,3240,-0.5853693214710802,-0.019420945046537477
164,446464,533.96,218,2712,473.53,0.0003,0.06213407,0.0875,0.8651715368032455,0.5,17.58279800415039,181.22629008789858,3255,-0.541965116125842,-0.030342214606692626
164,448512,533.03,219,2727,468.14,0.0003,0.07208203,0.08092447916666666,0.8988558650016785,0.5,34.96123504638672,162.64412964532772,3270,-0.5494557585256795,-0.03059941584954989
164,450560,529.53,220,2739,461.49,0.0003,0.06422706,0.08753255208333334,0.8174966722726822,0.5,78.82162475585938,257.75678705672425,3285,-0.5539546297863126,-0.028940921812318266
164,452608,531.68,221,2751,457.41,0.0003,0.073597245,0.07958984375,0.873576283454895,0.5,110.31543731689453,227.3735361819466,3300,-0.5176771333673968,-0.02177618904800814
164,454656,524.08,222,2763,447.92,0.0003,0.07385867,0.08115234375,0.8949594125151634,0.5,39.23283767700195,176.80435093243918,3315,-0.4624424312651778,-0.021939974338844575
164,456704,519.53,223,2775,447.66,0.0003,0.06670614,0.07698567708333333,0.810026153922081,0.5,8.489809036254883,150.26091596210998,3330,-0.4946217006150012,-0.02277034193490787
164,458752,522.2,224,2787,441.98,0.0003,0.063932955,0.083203125,0.8629767894744873,0.5,42.11046600341797,149.5668441914022,3345,-0.49411691040731964,-0.03082266265701037
164,460800,525.03,225,2799,439.27,0.0003,0.05787203,0.06624348958333333,0.878140777349472,0.5,72.8072280883789,196.53963212768238,3360,-0.40777865164758015,-0.029644504298630636
164,462848,526.82,226,2811,434.34,0.0003,0.060256373,0.08287760416666666,0.853498637676239,0.5,30.25190544128418,158.68824947079023,3375,-0.4213337861156712,-0.021720476542638305
164,464896,524.76,227,2823,433.32,0.0003,0.06189041,0.0724609375,0.8740899413824081,0.5,62.11040115356445,212.66246627817551,3390,-0.4506248771911487,-0.023658723425372348
164,466944,526.12,228,2836,433.14,0.0003,0.05488422,0.0716796875,0.9009140580892563,0.5,27.335939407348633,172.0769470145305,3405,-0.4003631190164015,-0.021988776932266772
164,468992,534.63,229,2847,429.96,0.0003,0.0592622,0.06741536458333333,0.8743727207183838,0.5,75.01652526855469,178.32104320476452,3420,-0.3666542444766189,-0.019066979283767674
164,471040,537.58,230,2859,430.5,0.0003,0.049399696,0.06116536458333333,0.9012336730957031,0.5,31.78418731689453,180.8647895132502,3435,-0.35758898314864684,-0.022803386910527478
164,473088,530.55,231,2870,430.5,0.0003,0.043061357,0.056901041666666666,0.8871011659502983,0.5,8.813532829284668,185.9916274736325,3450,-0.3839400700138261,-0.02104087878081676
164,475136,534.11,232,2885,433.96,0.0003,0.0695119,0.0849609375,0.9271033406257629,0.5,6.869370937347412,131.42907590866088,3465,-0.4080761006722848,-0.02110935647894318
164,477184,536.27,233,2900,433.96,0.0003,0.05669736,0.06416015625,0.891226515173912,0.5,63.245849609375,268.18358242263395,3480,-0.41997315272067987,-0.026658941695495743
164,479232,542.47,234,2913,433.96,0.0003,0.050997287,0.05888671875,0.8738994598388672,0.5,71.57518768310547,175.31321739455063,3495,-0.4696956595250716,-0.02034940191418476
164,481280,542.23,235,2925,433.0,0.0003,0.042902086,0.07815755208333333,0.9218787625432014,0.5,56.06211853027344,168.79923394074044,3510,-0.4461818916800742,-0.024125138249170657
164,483328,543.46,236,2937,434.44,0.0003,0.043299444,0.059342447916666666,0.9070853143930435,0.5,25.520578384399414,174.15173853437105,3525,-0.44177949556615204,-0.02161157334994641
164,485376,554.47,237,2950,439.45,0.0003,0.06547003,0.08860677083333333,0.915733776986599,0.5,60.710018157958984,151.591512752076,3540,-0.42802230548889686,-0.02799178393155065
164,487424,561.76,238,2962,443.47,0.0003,0.049976774,0.065625,0.9334757477045059,0.5,49.594879150390625,141.35727010965348,3555,-0.39849392967298625,-0.02026354111779559
164,489472,564.94,239,2973,445.48,0.0003,0.05556249,0.0640625,0.9307968840003014,0.5,23.539663314819336,180.89553601890802,3570,-0.34903791299633063,-0.022294108173688678
164,491520,558.45,240,2985,445.69,0.0003,0.064741425,0.07610677083333334,0.9304540604352951,0.5,26.999540328979492,154.7372543156147,3585,-0.35925996794831005,-0.02654115776967956
164,493568,564.7,241,2998,451.05,0.0003,0.062294826,0.09934895833333333,0.9281191453337669,0.5,37.653743743896484,190.06356453647217,3600,-0.39183256182974824,-0.022086192204248314
164,495616,570.69,242,3010,457.7,0.0003,0.05117633,0.0654296875,0.9261429533362389,0.5,40.01417541503906,130.5673818960786,3615,-0.3935968728037551,-0.02322882019652752
164,497664,567.13,243,3022,459.73,0.0003,0.08507246,0.07197265625,0.9320413619279861,0.5,20.082168579101562,135.45230653882027,3630,-0.4209991584570768,-0.017561026807379677
164,499712,573.84,244,3034,466.36,0.0003,0.068407394,0.09140625,0.921261303126812,0.5,55.96078109741211,158.16394458512465,3645,-0.5525331343213717,-0.026205607735391823
164,501760,584.13,245,3046,474.29,0.0003,0.070548594,0.09000651041666667,0.9332496821880341,0.5,37.262149810791016,153.4411896176636,3660,-0.5425326082079361,-0.029938253626225257
164,503808,586.73,246,3058,474.55,0.0003,0.07234186,0.10543619791666667,0.7373613715171814,0.5,33.06399917602539,369.3545277178288,3675,-0.5951165032883485,-0.02885686582327859
164,505856,580.15,247,3070,472.51,0.0003,0.07955228,0.11110026041666667,0.8808769732713699,0.5,52.499637603759766,168.42309295584758,3690,-0.5127381663148601,-0.029852080836402214
164,507904,574.09,248,3083,472.15,0.0003,0.06353742,0.09462890625,0.8547745198011398,0.5,25.26361846923828,142.51237053722144,3705,-0.6052172152480731,-0.02164928406564286
164,509952,569.23,249,3096,473.47,0.0003,0.07437302,0.08642578125,0.8959237039089203,0.5,59.78607177734375,216.4222295800845,3720,-0.5948275899669776,-0.022891308939870215
164,512000,559.98,250,3108,474.49,0.0003,0.0789363,0.09853515625,0.8653005659580231,0.5,26.804811477661133,193.1593583141764,3735,-0.6193353135759632,-0.022906743748656786
164,514048,563.99,251,3120,477.61,0.0003,0.06493026,0.07122395833333334,0.9057991355657578,0.5,89.109375,170.78537542720636,3750,-0.5131423430594926,-0.02463381299554991
164,516096,560.8,252,3132,478.32,0.0003,0.04007057,0.05970052083333333,0.8867600783705711,0.5,22.878732681274414,187.21988430718582,3765,-0.5128152079569797,-0.022005128213641
164,518144,566.53,253,3144,481.5,0.0003,0.06918731,0.07112630208333333,0.9020556509494781,0.5,29.291488647460938,160.6357688387235,3780,-0.5347764329053462,-0.02082594089297345
164,520192,569.36,254,3156,481.5,0.0003,0.06717837,0.07740885416666667,0.8725300431251526,0.5,51.586692810058594,171.05171740452448,3795,-0.4806250208057463,-0.025068705299539338
164,522240,562.59,255,3168,480.08,0.0003,0.06154509,0.07360026041666666,0.8921748772263527,0.5,17.295040130615234,178.92762797027825,3810,-0.4802102138210709,-0.023954485110031478
164,524288,552.55,256,3181,480.97,0.0003,0.054684803,0.08896484375,0.909056082367897,0.5,21.349531173706055,171.67325919568538,3825,-0.4896522679521392,-0.026588602198656493
164,526336,548.35,257,3193,480.97,0.0003,0.056997985,0.08125,0.8506813943386078,0.5,74.91492462158203,261.1098749190569,3840,-0.5069858157231162,-0.02629762256183312
164,528384,546.15,258,3205,480.97,0.0003,0.062356174,0.090625,0.8751287013292313,0.5,13.817158699035645,159.38594206372898,3855,-0.59103194278044,-0.02463721784054845
164,530432,552.14,259,3217,481.93,0.0003,0.062052235,0.07698567708333333,0.8974987417459488,0.5,11.579480171203613,162.35625412414473,3870,-0.5458213432691992,-0.030480216859723443
164,532480,552.76,260,3229,481.93,0.0003,0.06512231,0.08753255208333334,0.8947506099939346,0.5,28.733469009399414,153.25003761947156,3885,-0.5255575579901536,-0.028638448034325848
164,534528,554.96,261,3242,481.5,0.0003,0.054478176,0.07994791666666666,0.9098982438445091,0.5,25.652231216430664,139.91902009894451,3900,-0.4668378469378998,-0.029906674396867554
164,536576,554.46,262,3254,481.5,0.0003,0.06695551,0.07887369791666667,0.7179100215435028,0.5,75.8202896118164,263.4081615075469,3915,-0.4497704351165642,-0.024486738422031824
164,538624,552.69,263,3266,481.5,0.0003,0.096278206,0.11246744791666667,0.9040535241365433,0.5,14.669787406921387,125.62311851680279,3930,-0.4401150334936877,-0.03710338812525151
164,540672,546.11,264,3278,475.24,0.0003,0.08192755,0.06969401041666666,0.9127085134387016,0.5,22.360595703125,154.48438035796087,3945,-0.47402234834153206,-0.018948675721427815
164,542720,546.39,265,3290,475.24,0.0003,0.05901788,0.07835286458333333,0.8851274624466896,0.5,25.838850021362305,175.1194138189157,3960,-0.5534761234962692,-0.022451144445221873
164,544768,545.77,266,3302,475.24,0.0003,0.08280227,0.0869140625,0.8840484395623207,0.5,35.67454147338867,182.73866659353178,3975,-0.577395678528895,-0.028940789361513453
164,546816,546.58,267,3314,475.24,0.0003,0.077297196,0.0845703125,0.8967523872852325,0.5,27.28114891052246,182.32205488185087,3990,-0.6111961307004095,-0.026354464394292638
164,548864,540.31,268,3326,477.24,0.0003,0.05649712,0.07164713541666666,0.9025842547416687,0.5,33.04490280151367,243.40619467099506,4005,-0.6087313150210927,-0.025690927457617363
165,550912,543.64,269,3338,476.4,0.0003,0.072159484,0.09567057291666667,0.9112752676010132,0.5,24.65778923034668,137.72306820005178,4020,-0.6097602599610885,-0.027624859390440785
165,552960,543.65,270,3350,474.25,0.0003,0.09127265,0.10139973958333333,0.8407808393239975,0.5,18.517114639282227,198.20042418738205,4035,-0.5788030771072954,-0.03241343581248657
165,555008,551.87,271,3362,477.68,0.0003,0.057084434,0.07991536458333333,0.8910843804478645,0.5,51.144859313964844,223.87507123549778,4050,-0.656200896576047,-0.023573481877489637
165,557056,558.88,272,3374,481.44,0.0003,0.047104407,0.07203776041666667,0.8311008512973785,0.5,28.18379020690918,261.2670835042993,4065,-0.5818161063982795,-0.01944728513553855
165,559104,548.04,273,3386,472.27,0.0003,0.05436472,0.07646484375,0.8820473551750183,0.5,70.89894104003906,239.3283090263605,4080,-0.5826177857117727,-0.030161538231186568
165,561152,542.14,274,3398,465.14,0.0003,0.05431538,0.07802734375,0.856809601187706,0.5,34.68671417236328,202.7389762148261,4095,-0.6500110828938583,-0.030431065707974388
165,563200,543.61,275,3410,460.41,0.0003,0.04837665,0.09095052083333334,0.8525334745645523,0.5,15.010570526123047,210.3492621421814,4110,-0.5813421691767872,-0.03180870611856032
165,565248,541.33,276,3423,460.41,0.0003,0.052764677,0.06321614583333333,0.8722250759601593,0.5,42.75614547729492,208.07965894987186,4125,-0.5370450738662232,-0.021969125914135173
165,567296,545.62,277,3434,460.41,0.0003,0.05358676,0.07649739583333333,0.8668415695428848,0.5,42.91197204589844,188.43985135704278,4140,-0.5383804730294893,-0.02802302991282583
165,569344,548.99,278,3449,456.47,0.0003,0.059204906,0.08639322916666667,0.8955685645341873,0.5,49.403602600097656,174.89266229023536,4155,-0.5625399850308895,-0.02531763960735892
165,571392,552.33,279,3461,453.99,0.0003,0.048312187,0.08382161458333333,0.8357684761285782,0.5,33.79360580444336,483.7110098332167,4170,-0.5930160329056283,-0.03125963850300953
165,573440,549.54,280,3473,453.99,0.0003,0.06224349,0.08333333333333333,0.7914224117994308,0.5,34.989227294921875,274.747964870433,4185,-0.6227285403913508,-0.022702377139406357
165,575488,542.49,281,3485,453.99,0.0003,0.06962618,0.08818359375,0.8519960790872574,0.5,33.855323791503906,158.49710098256668,4200,-0.5600072534133991,-0.028080986853213592
165,577536,535.93,282,3497,453.76,0.0003,0.049920965,0.06510416666666667,0.8653017431497574,0.5,14.845982551574707,153.3511439387997,4215,-0.5314710244070738,-0.021192716567020396
165,579584,529.22,283,3511,452.94,0.0003,0.054205514,0.06640625,0.8252644389867783,0.5,29.394607543945312,289.2503095937272,4230,-0.5492391884947817,-0.027441776448540622
164,581632,523.21,284,3526,452.94,0.0003,0.037985384,0.06315104166666667,0.8053244650363922,0.5,15.858735084533691,225.90183372745912,4245,-0.5746429830323905,-0.015711228103585502
164,583680,519.78,285,3540,452.94,0.0003,0.07455465,0.09332682291666666,0.8797915354371071,0.5,50.1489143371582,176.71556081473827,4260,-0.634821453023081,-0.02694402548877406
164,585728,522.46,286,3556,455.11,0.0003,0.05250158,0.08681640625,0.9021769762039185,0.5,27.270435333251953,171.7505399569869,4275,-0.6219577332182477,-0.023901978100911946
164,587776,534.95,287,3569,457.82,0.0003,0.053060517,0.06764322916666667,0.8196951746940613,0.5,54.268802642822266,217.06981265197197,4290,-0.6078986287893107,-0.017479681999369254
164,589824,528.94,288,3581,457.82,0.0003,0.04601096,0.0564453125,0.7325171828269958,0.5,25.481599807739258,431.9650185237328,4305,-0.610924670798704,-0.019444737864857113
164,591872,524.58,289,3595,455.15,0.0003,0.058703266,0.07685546875,0.8969635888934135,0.5,21.174325942993164,139.44516123384238,4320,-0.6817660470182697,-0.027216589495462056
164,593920,512.44,290,3607,439.23,0.0003,0.056698382,0.07291666666666667,0.8649572134017944,0.5,12.629697799682617,114.29500093559425,4335,-0.6702756647175799,-0.023804506935266544
164,595968,512.1,291,3619,441.08,0.0003,0.07541629,0.08356119791666666,0.7953484505414963,0.5,15.95643138885498,318.37288791636627,4350,-0.6762307961316159,-0.02727297900710255
164,598016,513.37,292,3631,445.15,0.0003,0.05697497,0.087890625,0.8392670303583145,0.5,30.938053131103516,221.0312343135476,4365,-0.6108684680735071,-0.029119321809897278
164,600064,506.71,293,3643,443.2,0.0003,0.08512199,0.10498046875,0.8593857437372208,0.5,19.704713821411133,132.41393919065595,4380,-0.6214846188047279,-0.03134949676071604
164,602112,499.03,294,3655,444.14,0.0003,0.077855945,0.08896484375,0.86014823615551,0.5,12.548866271972656,186.3962832366427,4395,-0.5839339011504004,-0.03927603002242298
164,604160,512.72,295,3667,446.75,0.0003,0.060852163,0.07809244791666667,0.8566824793815613,0.5,44.03388214111328,155.39366144984962,4410,-0.6338766044316192,-0.019795591861596525
164,606208,518.12,296,3679,447.45,0.0003,0.09170182,0.11018880208333333,0.8515362739562988,0.5,15.207746505737305,180.02647706692417,4425,-0.6146765402518213,-0.029948572511057137
164,608256,512.36,297,3691,444.56,0.0003,0.048540253,0.06516927083333333,0.8772190511226654,0.5,9.526719093322754,178.4481536631783,4440,-0.5823057228544106,-0.02059724251133351
164,610304,513.85,298,3703,441.91,0.0003,0.049577795,0.06858723958333333,0.8833524882793427,0.5,68.09046936035156,161.81096769620976,4455,-0.5757649241325756,-0.02337194475379268
164,612352,506.85,299,3715,438.22,0.0003,0.07072591,0.0751953125,0.9034108147025108,0.5,13.927452087402344,159.52033314754564,4470,-0.56421411735937,-0.026119094949778324
164,614400,510.39,300,3727,443.28,0.0003,0.06493509,0.08095703125,0.8864978030323982,0.5,13.56917667388916,174.29005589932203,4485,-0.5228155088533337,-0.029958171602144527
164,616448,517.9,301,3739,444.28,0.0003,0.05527077,0.06705729166666667,0.9124255999922752,0.5,23.82096290588379,174.1730133657654,4500,-0.5446396647952497,-0.02177637037433063
164,618496,524.22,302,3751,444.19,0.0003,0.07193224,0.06663411458333333,0.8328983932733536,0.5,72.1180648803711,411.8081147784988,4515,-0.5362263026181608,-0.027164481337725494
164,620544,531.29,303,3763,439.6,0.0003,0.07552013,0.09124348958333334,0.807032898068428,0.5,24.51020050048828,280.7230580766996,4530,-0.4984125590417534,-0.02959528123368121
164,622592,525.61,304,3777,440.85,0.0003,0.079042464,0.09020182291666666,0.8204492181539536,0.5,28.802013397216797,183.69848943402368,4545,-0.5586854253274699,-0.029135441762506768
164,624640,536.64,305,3790,438.8,0.0003,0.05136959,0.08430989583333333,0.8586791604757309,0.5,23.201833724975586,186.74825157821178,4560,-0.5308605981602644,-0.023313885775132805
164,626688,535.75,306,3807,438.8,0.0003,0.067296684,0.08050130208333334,0.749243289232254,0.5,66.41374206542969,189.39904463688532,4575,-0.5923733178370942,-0.02830847537528219
164,628736,531.34,307,3821,439.55,0.0003,0.07582431,0.09440104166666667,0.8466890454292297,0.5,57.2849235534668,165.35068683326244,4590,-0.5724057704055061,-0.03452998879074585
164,630784,529.68,308,3833,438.51,0.0003,0.08370184,0.08880208333333334,0.8698282986879349,0.5,33.83740234375,181.01145322273175,4605,-0.5905608353049805,-0.024662331019014043
164,632832,521.5,309,3846,438.98,0.0003,0.090509355,0.10179036458333333,0.8866642042994499,0.5,18.582006454467773,155.60466714948416,4620,-0.5809913209173828,-0.03301950671545152
164,634880,524.03,310,3859,440.19,0.0003,0.08882861,0.0982421875,0.8870983272790909,0.5,25.795854568481445,146.85668169508378,4635,-0.59817011950848,-0.03173041901657901
164,636928,527.33,311,3875,442.05,0.0003,0.053787332,0.086328125,0.8532804101705551,0.5,132.5316162109375,178.5294471765558,4650,-0.5848263357921193,-0.028061686009459665
164,638976,534.56,312,3891,446.43,0.0003,0.05117449,0.06435546875,0.8412356078624725,0.5,12.094897270202637,253.541681839029,4665,-0.6238628664519638,-0.019561381132128495
164,641024,523.7,313,3906,447.04,0.0003,0.04565745,0.07194010416666667,0.7492163777351379,0.5,18.01888656616211,322.81781484534343,4680,-0.6337085798693199,-0.01931065673804066
163,643072,532.17,314,3922,447.28,0.0003,0.044978928,0.07867838541666666,0.8676591366529465,0.5,55.28724670410156,183.98277881046135,4695,-0.6929173802801718,-0.023014761646966992
163,645120,534.58,315,3936,444.91,0.0003,0.063161924,0.09326171875,0.7576161324977875,0.5,124.05805206298828,424.6616440931956,4710,-0.6258430025695513,-0.0335450359324265
163,647168,543.59,316,3950,446.92,0.0003,0.070264585,0.061848958333333336,0.6966645419597626,0.5,19.915658950805664,348.6703288386265,4725,-0.5838744485750794,-0.018554441735977888
163,649216,543.35,317,3963,446.0,0.0003,0.05121541,0.07600911458333333,0.808404415845871,0.5,51.48366165161133,270.1687260697285,4740,-0.5870154791201154,-0.020383652433641448
163,651264,542.28,318,3979,450.48,0.0003,0.046994515,0.07584635416666667,0.7523186355829239,0.5,135.89053344726562,333.71796843111514,4755,-0.6237326271211108,-0.0228842792455301
163,653312,547.48,319,3993,445.9,0.0003,0.05168319,0.07643229166666667,0.8213269412517548,0.5,440.6950378417969,220.2674034376939,4770,-0.5862559793982655,-0.028824061514872785
163,655360,540.21,320,4005,448.55,0.0003,0.06163324,0.08033854166666667,0.7552401423454285,0.5,55.073978424072266,281.5261932681004,4785,-0.5969691785983742,-0.026402894772036233
163,657408,538.62,321,4020,452.84,0.0003,0.054228835,0.08570963541666667,0.8351558148860931,0.5,40.875667572021484,191.3531777843833,4800,-0.6463782284098367,-0.02483840787948187
163,659456,525.07,322,4034,452.35,0.0003,0.06198642,0.09088541666666666,0.8731594532728195,0.5,20.868499755859375,178.5187235429883,4815,-0.6759619840420783,-0.025917226291736976
163,661504,518.6,323,4045,446.67,0.0003,0.08302143,0.11389973958333334,0.8403903096914291,0.5,18.350852966308594,166.25620774924755,4830,-0.579998999973759,-0.03985208892821295
163,663552,514.72,324,4060,444.77,0.0003,0.07208803,0.07962239583333333,0.7801573127508163,0.5,28.336458206176758,361.18427504003046,4845,-0.6104085182615866,-0.026084410983215397
163,665600,513.46,325,4072,447.54,0.0003,0.058972843,0.0662109375,0.8697549104690552,0.5,16.50490379333496,221.59964379469554,4860,-0.5836076916505893,-0.026624588050375073
163,667648,514.65,326,4084,442.52,0.0003,0.055436976,0.07721354166666666,0.887379452586174,0.5,22.813657760620117,151.85890835647783,4875,-0.5680604595070083,-0.0249318082210569
163,669696,511.69,327,4096,444.57,0.0003,0.044275455,0.06057942708333333,0.7892859429121017,0.5,30.555587768554688,289.5786404803395,4890,-0.5435366054375966,-0.024554932313791748
163,671744,514.81,328,4108,444.57,0.0003,0.09390704,0.08805338541666667,0.8633246868848801,0.5,42.47129440307617,168.64710572212934,4905,-0.5365058674942702,-0.02804656422279853
163,673792,517.83,329,4120,439.67,0.0003,0.06151852,0.08408203125,0.909802995622158,0.5,52.64629364013672,164.0804614663124,4920,-0.5969801043625921,-0.031015027961984742
163,675840,533.53,330,4132,435.46,0.0003,0.077812724,0.09117838541666666,0.776392862200737,0.5,18.436111450195312,290.1452573964993,4935,-0.5605568198331942,-0.02833824979898054
163,677888,542.66,331,4144,433.14,0.0003,0.03976243,0.04580078125,0.7189641892910004,0.5,39.51369094848633,431.55272487451634,4950,-0.5401254813807707,-0.019748573605708468
163,679936,541.96,332,4156,428.15,0.0003,0.053798076,0.07490234375,0.8346226513385773,0.5,31.891590118408203,186.91562699327866,4965,-0.5282030086731538,-0.024383461113393422
163,681984,539.34,333,4168,422.42,0.0003,0.0485021,0.05797526041666667,0.6771182417869568,0.5,53.65890884399414,327.1705897023281,4980,-0.5777025162087133,-0.024101859862639685
163,684032,544.5,334,4180,421.6,0.0003,0.04603628,0.07555338541666666,0.8186536729335785,0.5,83.5205307006836,321.25012248953186,4995,-0.6222862337560703,-0.025633305561495946
163,686080,544.87,335,4192,421.64,0.0003,0.06515365,0.06764322916666667,0.8567347079515457,0.5,65.96173095703125,309.51940920054915,5010,-0.6066971525705109,-0.026725099393661366
163,688128,544.35,336,4204,416.74,0.0003,0.06617981,0.07841796875,0.7193290889263153,0.5,65.6553955078125,355.1925091693799,5025,-0.669989234705766,-0.021808521977072816
163,690176,549.33,337,4217,414.88,0.0003,0.063297175,0.08059895833333333,0.740344226360321,0.5,150.3147735595703,287.83437253634133,5040,-0.7033351972699166,-0.02354327535892177
163,692224,540.3,338,4229,410.65,0.0003,0.08633785,0.0923828125,0.6654427945613861,0.5,36.748382568359375,264.96171485732,5055,-0.7036020825617015,-0.027328764797372666
163,694272,521.12,339,4241,394.16,0.0003,0.06832643,0.10263671875,0.363709032535553,0.5,280.6483459472656,468.78943255841733,5070,-0.7671640225220472,-0.030465839652363987
163,696320,526.81,340,4253,387.81,0.0003,0.059968997,0.0814453125,0.48689186573028564,0.5,48.67056655883789,717.166715285182,5085,-0.6687048773281277,-0.024053837043296274
163,698368,533.93,341,4265,385.14,0.0003,0.058099486,0.09593098958333333,0.44591569900512695,0.5,1154.900634765625,427.4620996028185,5100,-0.6547466795115421,-0.03184234876134724
163,700416,525.53,342,4277,380.54,0.0003,0.04820698,0.07708333333333334,0.6509616076946259,0.5,17.029165267944336,322.8811344156663,5115,-0.638518930816402,-0.026291974420746555
163,702464,524.43,343,4289,371.04,0.0003,0.06912443,0.10465494791666667,0.5646732747554779,0.5,60.88523483276367,484.4080695003271,5130,-0.6799135399516671,-0.03765170055824759
163,704512,516.41,344,4301,374.12,0.0003,0.05666122,0.08447265625,0.7232365310192108,0.5,142.04808044433594,292.7983590438962,5145,-0.645543163580199,-0.02597163535162205
163,706560,513.75,345,4313,370.54,0.0003,0.073816374,0.09703776041666666,0.7778315246105194,0.5,24.28813934326172,236.0775562832753,5160,-0.6350838679665078,-0.027716384414331212
163,708608,505.78,346,4325,368.54,0.0003,0.051512703,0.08408203125,0.7272956371307373,0.5,117.76657104492188,315.81976212362446,5175,-0.6225547201155375,-0.02602116151701921
163,710656,495.56,347,4337,369.87,0.0003,0.06061762,0.0681640625,0.8335058689117432,0.5,71.59675598144531,282.85167789657913,5190,-0.6241179638387014,-0.02240751924170278
163,712704,486.36,348,4349,368.13,0.0003,0.08937817,0.096484375,0.8411435484886169,0.5,20.381893157958984,214.52976094732682,5205,-0.6712716124020517,-0.03418804937233896
163,714752,482.48,349,4361,366.97,0.0003,0.063958205,0.08203125,0.8373278230428696,0.5,36.173179626464844,222.00420490105947,5220,-0.6061835959708939,-0.028397216896458608
163,716800,477.42,350,4374,371.98,0.0003,0.07082502,0.06761067708333333,0.7703638821840286,0.5,137.8793182373047,331.48347736845415,5235,-0.6182356350589544,-0.018676707474757373
163,718848,480.49,351,4386,371.57,0.0003,0.06903176,0.087890625,0.8771412298083305,0.5,21.423336029052734,164.39821737011275,5250,-0.622094601796319,-0.030251502522150985
163,720896,481.18,352,4398,371.74,0.0003,0.06172393,0.09583333333333334,0.6812261044979095,0.5,56.45712661743164,476.1150852163633,5265,-0.606323038895304,-0.025615547429333675
163,722944,482.67,353,4410,375.51,0.0003,0.05063297,0.07578125,0.7704620510339737,0.5,33.21480941772461,208.2042967538039,5280,-0.5338899850845337,-0.021671527183934815
163,724992,468.78,354,4422,379.13,0.0003,0.07412988,0.09635416666666667,0.828150600194931,0.5,21.029756546020508,273.8641953587532,5295,-0.5385489175096154,-0.031104139713715995
163,727040,452.28,355,4434,383.67,0.0003,0.07234264,0.07721354166666666,0.8722326904535294,0.5,39.64933395385742,208.9364559188485,5310,-0.4964688143925741,-0.028769809746639414
163,729088,453.15,356,4446,387.06,0.0003,0.06904252,0.08779296875,0.827458918094635,0.5,79.29240417480469,212.76611123283703,5325,-0.4909292745326335,-0.026710775762088208
163,731136,459.65,357,4458,392.0,0.0003,0.05796524,0.0720703125,0.8314754664897919,0.5,17.757991790771484,240.0214571746687,5340,-0.5030089762605106,-0.03045499948251139
164,733184,463.06,358,4470,400.2,0.0003,0.05345717,0.055013020833333336,0.8949444890022278,0.5,32.120052337646484,252.353043889006,5355,-0.45516423295872904,-0.021060938144607157
164,735232,472.74,359,4482,411.93,0.0003,0.0516599,0.07353515625,0.8785511553287506,0.5,29.345903396606445,158.29865146974723,5370,-0.5068103225048011,-0.025974629920528968
164,737280,475.11,360,4494,418.34,0.0003,0.05530927,0.07493489583333333,0.8782868385314941,0.5,16.833812713623047,220.38153291543324,5385,-0.4878617476361493,-0.025146755890212567
164,739328,486.02,361,4506,418.32,0.0003,0.06027797,0.07516276041666667,0.8904952555894852,0.5,74.7319107055664,192.29412638445694,5400,-0.5107635377052551,-0.034373149913153614
164,741376,482.28,362,4518,423.62,0.0003,0.046778783,0.07138671875,0.7822741121053696,0.5,23.284881591796875,319.04736143698295,5415,-0.5387404012338569,-0.02153922539388683
164,743424,488.9,363,4530,433.68,0.0003,0.06866999,0.07542317708333333,0.8904937207698822,0.5,72.35289764404297,248.55513925055664,5430,-0.5156180406454951,-0.021376745942931544
164,745472,481.78,364,4542,438.52,0.0003,0.07144629,0.09567057291666667,0.9072453007102013,0.5,66.53985595703125,195.69015429764985,5445,-0.5502270916476846,-0.03574117051127056
164,747520,482.5,365,4554,444.04,0.0003,0.05678077,0.08014322916666666,0.9053575322031975,0.5,25.13954734802246,153.4994087556998,5460,-0.5901334928814321,-0.028965103160589933
164,749568,474.75,366,4567,447.24,0.0003,0.057089865,0.08365885416666667,0.897113747894764,0.5,34.29767608642578,163.9048956895868,5475,-0.6385567205802848,-0.026526397287670988
164,751616,479.22,367,4579,449.0,0.0003,0.07080573,0.08401692708333333,0.8958351612091064,0.5,32.01277542114258,169.8609173302849,5490,-0.633190524795403,-0.02606720495217208
164,753664,482.48,368,4591,444.37,0.0003,0.060743637,0.07958984375,0.8972143158316612,0.5,22.744895935058594,176.45179119557142,5505,-0.6245457765646278,-0.02703427834106454
164,755712,490.04,369,4603,446.42,0.0003,0.06088298,0.08177083333333333,0.8867807313799858,0.5,28.669191360473633,174.04262407198547,5520,-0.6195263953103374,-0.025471809953887713
164,757760,491.13,370,4615,450.44,0.0003,0.07310498,0.07975260416666667,0.8030769675970078,0.5,20.774127960205078,286.86945765117804,5535,-0.6155851141239206,-0.02595259898638081
164,759808,492.05,371,4627,453.8,0.0003,0.062397737,0.08610026041666667,0.8962483257055283,0.5,77.73743438720703,223.01141710678738,5550,-0.5921907976580163,-0.03159015815059926
164,761856,500.17,372,4640,456.25,0.0003,0.058704346,0.083984375,0.872222438454628,0.5,30.426921844482422,183.5060308208068,5565,-0.6402183380598824,-0.019504746487897743
164,763904,513.17,373,4652,454.01,0.0003,0.06054323,0.07763671875,0.8974472656846046,0.5,125.2198486328125,217.84253379702568,5580,-0.5935729557648302,-0.02441874284983593
164,765952,520.27,374,4664,466.52,0.0003,0.06571114,0.08489583333333334,0.8398018479347229,0.5,21.721662521362305,281.7698468923569,5595,-0.5772662923671306,-0.02925146184109811
164,768000,521.76,375,4676,465.19,0.0003,0.060110718,0.06715494791666667,0.8781735301017761,0.5,43.95655822753906,243.8916137923797,5610,-0.613463746321698,-0.02334317911469649
164,770048,539.4,376,4688,462.26,0.0003,0.057819422,0.07962239583333333,0.8153803050518036,0.5,18.45897102355957,262.10466517011326,5625,-0.5951207451056689,-0.026896294970356394
164,772096,546.7,377,4700,465.2,0.0003,0.049432866,0.07272135416666667,0.8440076112747192,0.5,231.603759765625,308.29880358775455,5640,-0.5437427448574453,-0.028191557774456064
164,774144,557.07,378,4712,464.11,0.0003,0.07704306,0.09622395833333333,0.8912832960486412,0.5,30.641416549682617,158.3123286475738,5655,-0.558891139489909,-0.031815463697785165
164,776192,562.92,379,4724,461.96,0.0003,0.06526369,0.0888671875,0.8410104513168335,0.5,34.013671875,256.4203503206372,5670,-0.5556996262244259,-0.027179206476527423
164,778240,565.43,380,4736,455.88,0.0003,0.037883658,0.04583333333333333,0.8603595793247223,0.5,22.003360748291016,226.58073105365037,5685,-0.5462387264395754,-0.013925928422880436
164,780288,576.26,381,4748,441.47,0.0003,0.060689665,0.07841796875,0.8113944381475449,0.5,40.895503997802734,298.203692188859,5700,-0.5725213155926515,-0.02752590963015488
164,782336,579.63,382,4760,444.42,0.0003,0.06503928,0.0734375,0.5237787961959839,0.5,227.83750915527344,352.95552900632225,5715,-0.5427296852692962,-0.031045275914705902
164,784384,577.51,383,4772,443.75,0.0003,0.07857856,0.09733072916666667,0.7991066724061966,0.5,48.53766632080078,278.59894832322993,5730,-0.611596953170374,-0.03249169082094643
164,786432,578.05,384,4784,444.54,0.0003,0.057182126,0.07594401041666667,0.7159026265144348,0.5,75.86373901367188,419.23795256912706,5745,-0.5692670373401294,-0.024620747571922643
164,788480,600.34,385,4797,441.89,0.0003,0.05749588,0.06715494791666667,0.7860011607408524,0.5,76.62373352050781,246.27797789971035,5760,-0.6100975697704901,-0.02199527000436016
164,790528,604.14,386,4811,433.44,0.0003,0.06812894,0.07776692708333334,0.8236341923475266,0.5,102.32129669189453,321.27039231657983,5775,-0.6201484901830554,-0.032128949910960124
164,792576,624.28,387,4824,427.05,0.0003,0.05562146,0.09518229166666667,0.7400485575199127,0.5,256.9174499511719,429.6461380640666,5790,-0.6117353086204579,-0.030647833446467605
164,794624,642.86,388,4838,425.53,0.0003,0.054573003,0.07688802083333333,0.8616705238819122,0.5,28.861465454101562,231.38278688093027,5805,-0.5624493012049546,-0.025548998953551443
164,796672,647.52,389,4851,426.57,0.0003,0.06299459,0.07158203125,0.6177950799465179,0.5,177.0868682861328,356.36510875721774,5820,-0.5626270881388337,-0.029050182393742338
164,798720,646.28,390,4863,424.25,0.0003,0.04982105,0.0662109375,0.7541846930980682,0.5,250.4700469970703,357.43304615020753,5835,-0.5473376696463674,-0.02635531631167396
164,800768,650.98,391,4875,425.17,0.0003,0.06299489,0.07340494791666667,0.7635842561721802,0.5,29.315200805664062,260.8238118285934,5850,-0.5458259775303305,-0.024703652922956582
