rollout/ep_len_mean,time/fps,time/time_elapsed,rollout/ep_rew_mean,time/total_timesteps,time/iterations,train/entropy_loss,train/learning_rate,train/value_loss,train/loss,train/n_updates,train/policy_gradient_loss,train/clip_fraction,train/explained_variance,train/approx_kl,train/clip_range
500.0,608,0,-1145.0,512,1,,,,,,,,,,
350.0,359,2,-781.5,1024,2,-1.3831394113600255,0.0001,2823.8210830688477,3144.913330078125,20,-0.008362364250933752,0.0283203125,0.000993192195892334,0.0062063616,0.2
287.0,317,4,-538.6,1536,3,-1.3774244569242,0.0001,1980.5566886901856,1645.93115234375,40,-0.007975024859479162,0.04384765625,-0.0037567615509033203,0.00635888,0.2
217.22222222222223,303,6,-328.3333333333333,2048,4,-1.3759144604206086,0.0001,2037.1373970031739,1823.839111328125,60,-0.001918550748087,0.0,-0.00017011165618896484,0.0018648545,0.2
237.9,289,8,-356.8,2560,5,-1.3762247435748578,0.0001,1484.7065189361572,1318.4691162109375,80,-0.01716933861025609,0.13427734375,-0.00015342235565185547,0.013043673,0.2
245.1818181818182,284,10,-388.72727272727275,3072,6,-1.3748449608683586,0.0001,1860.521231842041,1625.26513671875,100,-0.005113600200274959,0.0,0.00014919042587280273,0.0018524867,0.2
265.0,280,12,-458.2307692307692,3584,7,-1.3787156976759434,0.0001,2002.5361701965332,1537.0616455078125,120,-0.0027113119154819286,0.0,-0.0001423358917236328,0.0008621869,0.2
281.7857142857143,277,14,-483.42857142857144,4096,8,-1.3760791346430779,0.0001,3358.7699211120607,2789.548583984375,140,-0.002573027217295021,0.0,-9.441375732421875e-05,0.0006881632,0.2
274.5,274,16,-473.625,4608,9,-1.374504990875721,0.0001,2463.8750549316405,1928.2215576171875,160,-0.0021673605049727486,0.0,1.1026859283447266e-05,0.00066336605,0.2
246.6,274,18,-405.5,5120,10,-1.3705748371779918,0.0001,1246.6776050567628,1353.53076171875,180,-0.008519651865935885,0.01826171875,4.303455352783203e-05,0.01059893,0.2
254.57142857142858,270,20,-422.85714285714283,5632,11,-1.360915593057871,0.0001,2471.752186584473,2344.057373046875,200,-0.0022036561262211763,0.0,-1.633167266845703e-05,0.0017054031,0.2
254.70833333333334,268,22,-425.375,6144,12,-1.3622063115239142,0.0001,1999.5055694580078,1877.2109375,220,-0.000875345517124515,0.0,-2.002716064453125e-05,0.00033643574,0.2
254.96153846153845,268,24,-411.4230769230769,6656,13,-1.3638350792229175,0.0001,1653.4157859802247,1872.402587890625,240,-0.0014982666034484282,0.0,4.5418739318847656e-05,0.0005860949,0.2
253.33333333333334,268,26,-404.81481481481484,7168,14,-1.3603217996656896,0.0001,1564.255726623535,1391.8153076171875,260,-0.013998989865649491,0.035546875,6.496906280517578e-06,0.013383241,0.2
252.4,266,28,-388.9,7680,15,-1.3671161010861397,0.0001,1573.0020072937011,1250.2301025390625,280,-0.016703172979759984,0.09873046875,-2.8252601623535156e-05,0.012830587,0.2
247.0909090909091,265,30,-372.030303030303,8192,16,-1.3715498447418213,0.0001,1026.2805717468261,1017.6695556640625,300,-0.005798880616202951,0.02099609375,1.4066696166992188e-05,0.0062722657,0.2
248.22857142857143,265,32,-372.6,8704,17,-1.3731106862425804,0.0001,1271.6331439971923,1047.041748046875,320,-0.0019747411453863604,0.0,1.3470649719238281e-05,0.002551733,0.2
246.64864864864865,265,34,-371.2972972972973,9216,18,-1.3698099911212922,0.0001,1635.7028915405274,1635.853515625,340,-0.004084179451456294,0.0,-4.172325134277344e-06,0.0022747554,0.2
253.31578947368422,265,36,-381.7105263157895,9728,19,-1.3680824287235738,0.0001,2051.2354995727537,2380.927490234375,360,-0.004365209190291352,0.00234375,2.0265579223632812e-06,0.0070125763,0.2
251.65,265,38,-375.2,10240,20,-1.3671886309981347,0.0001,2122.8239906311037,2016.7364501953125,380,-0.0037642638344550505,0.0,-3.4570693969726562e-06,0.0014525111,0.2
251.6904761904762,265,40,-375.23809523809524,10752,21,-1.3698168240487576,0.0001,2901.2149993896483,3173.601318359375,400,-0.0025827258607023394,0.0,1.0609626770019531e-05,0.0005165852,0.2
243.02173913043478,265,42,-356.8478260869565,11264,22,-1.363104411959648,0.0001,1632.5900772094726,1399.19970703125,420,-0.01980068046832457,0.29150390625,4.76837158203125e-07,0.016479827,0.2
233.62,265,44,-331.74,11776,23,-1.3590850867331028,0.0001,1225.4743789672852,1560.3297119140625,440,-0.01248012218857184,0.11015625,2.086162567138672e-06,0.0084854625,0.2
238.13725490196077,265,46,-349.15686274509807,12288,24,-1.3644166141748428,0.0001,2033.844882965088,1969.5225830078125,460,-0.001224233047105372,0.0,1.800060272216797e-05,0.00027848606,0.2
228.41071428571428,265,48,-340.07142857142856,12800,25,-1.3639570891857147,0.0001,2375.730453491211,2251.562255859375,480,-0.0010219222196610645,0.0,1.9431114196777344e-05,8.5222535e-05,0.2
221.26666666666668,265,50,-323.48333333333335,13312,26,-1.365234387665987,0.0001,2061.1490684509276,1356.3134765625,500,-0.0008854020445141942,0.0,5.424022674560547e-06,0.00011546782,0.2
213.734375,265,52,-302.015625,13824,27,-1.371389774978161,0.0001,1656.1337432861328,1925.873779296875,520,-0.004013565892819315,9.765625e-05,1.0073184967041016e-05,0.0060564606,0.2
216.43939393939394,265,54,-307.25757575757575,14336,28,-1.3686878345906734,0.0001,722.2276948928833,1165.8638916015625,540,-0.005390460658236407,0.0,7.331371307373047e-06,0.0056160865,0.2
217.91176470588235,264,56,-305.88235294117646,14848,29,-1.3735080078244208,0.0001,1620.0151496887206,2010.1417236328125,560,-7.869354158174247e-05,0.0,0.00024759769439697266,8.1892475e-05,0.2
217.1,265,57,-301.9714285714286,15360,30,-1.3732772327959537,0.0001,797.5645240783691,622.7160034179688,580,-0.006204759606043808,0.0,8.493661880493164e-05,0.003251059,0.2
216.54794520547946,264,59,-300.3150684931507,15872,31,-1.373666974902153,0.0001,1586.542527770996,1441.01123046875,600,-0.0025126356398686767,0.0,0.003013014793395996,0.00065305724,0.2
215.44736842105263,265,61,-302.4736842105263,16384,32,-1.3709750421345235,0.0001,1242.3665500640868,1038.9554443359375,620,-0.0007218922663014382,0.0,0.005986988544464111,6.6188164e-05,0.2
212.53164556962025,265,63,-303.6455696202532,16896,33,-1.3738996855914594,0.0001,2271.9764053344725,2418.041259765625,640,-0.0012931710603879764,0.0,0.018485307693481445,0.00021331187,0.2
213.28395061728395,265,65,-308.28395061728395,17408,34,-1.374313859641552,0.0001,2234.3060455322266,2148.3466796875,660,-0.0006167970001115464,0.0,0.0046672821044921875,0.00010531687,0.2
207.88372093023256,265,67,-294.9418604651163,17920,35,-1.3758892685174942,0.0001,2080.656555938721,2342.4208984375,680,-0.0013055701041594149,0.0,0.015381336212158203,0.00020436407,0.2
204.70454545454547,265,69,-288.5681818181818,18432,36,-1.3747388243675231,0.0001,1127.8307765960694,913.1798095703125,700,-0.0010598858876619487,0.0,0.07909584045410156,9.540026e-05,0.2
207.6067415730337,265,71,-296.87640449438203,18944,37,-1.375603723526001,0.0001,1572.9654148101806,1976.41162109375,720,-0.00038739104638807476,0.0,0.11282694339752197,4.056678e-05,0.2
208.7173913043478,265,73,-301.4891304347826,19456,38,-1.375154472142458,0.0001,778.1547336578369,633.5534057617188,740,-0.0010146510117920115,0.0,0.15846145153045654,0.00012066658,0.2
207.69791666666666,265,75,-291.7708333333333,19968,39,-1.376818235963583,0.0001,2103.3215721130373,2199.103515625,760,-0.0005531759961741045,0.0,0.21617454290390015,4.6987552e-05,0.2
207.7422680412371,265,77,-291.1546391752577,20480,40,-1.3768832832574844,0.0001,1825.332566833496,1780.4462890625,780,-0.0007455949016730301,0.0,0.054512739181518555,9.128312e-05,0.2
208.56,265,78,-293.4,20992,41,-1.37678706869483,0.0001,1626.295613861084,1180.8638916015625,800,-0.0010774427617434412,0.0,0.05109739303588867,9.925687e-05,0.2
199.57,265,81,-270.01,21504,42,-1.3776441566646098,0.0001,1263.1485359191895,1001.23876953125,820,-0.00046818040718790146,0.0,0.14184969663619995,3.1960197e-05,0.2
202.65,264,83,-267.64,22016,43,-1.3785346359014512,0.0001,877.888826751709,781.8447265625,840,-0.00021617510356009007,0.0,0.11936420202255249,1.9821222e-05,0.2
198.1,264,85,-266.22,22528,44,-1.3778974920511247,0.0001,692.0867420196533,579.9500122070312,860,-0.00030673341534566135,0.0,0.25535839796066284,1.6276375e-05,0.2
194.78,264,87,-251.75,23040,45,-1.3774302951991557,0.0001,1691.59501953125,2123.6025390625,880,-0.0011281078943284229,0.0,0.11480885744094849,0.00047052035,0.2
188.65,263,89,-235.95,23552,46,-1.3771818473935127,0.0001,690.4803812026978,890.189697265625,900,-0.0007022273217444308,0.0,0.16952359676361084,0.00020470668,0.2
191.34,263,91,-239.17,24064,47,-1.3765189848840236,0.0001,770.4952217102051,748.0241088867188,920,-0.001146498165326193,0.0,-0.0056819915771484375,0.00024766917,0.2
186.88,263,93,-228.4,24576,48,-1.37343937009573,0.0001,1427.1468933105468,1372.916015625,940,-0.003010771531262435,0.0,0.17310184240341187,0.0007133761,0.2
189.33,263,95,-226.67,25088,49,-1.3706960648298263,0.0001,630.7282356262207,724.8978881835938,960,-0.0039052128995535895,0.0,0.2621493935585022,0.0021110037,0.2
182.61,262,97,-216.98,25600,50,-1.3701716884970665,0.0001,1642.2684886932373,1828.4158935546875,980,-0.00567999737104401,9.765625e-05,-0.08962070941925049,0.00814482,0.2
185.39,261,99,-221.42,26112,51,-1.364412322640419,0.0001,926.9058460235595,754.7538452148438,1000,-0.008821578029892408,0.01201171875,0.06165581941604614,0.010419174,0.2
188.4,260,102,-218.97,26624,52,-1.365055363625288,0.0001,1749.401587677002,1729.9300537109375,1020,-0.0019664511986775325,0.0,0.04732847213745117,0.0006295922,0.2
192.5,259,104,-225.41,27136,53,-1.3660611473023891,0.0001,804.494171333313,754.428466796875,1040,-0.001242769711825531,0.0,0.25203412771224976,0.00016962283,0.2
190.39,259,106,-218.46,27648,54,-1.3669334672391416,0.0001,973.9551853179931,775.6531982421875,1060,-0.003011924118618481,0.0,0.13296806812286377,0.0008112072,0.2
192.05,259,108,-218.99,28160,55,-1.3672607854008674,0.0001,2080.960921859741,3450.697021484375,1080,-0.0024210575938923284,0.0,0.04988282918930054,0.0013036745,0.2
188.03,258,110,-211.94,28672,56,-1.3682372204959392,0.0001,1513.139458847046,1293.4300537109375,1100,-0.001640624983701855,0.0,0.30559056997299194,0.00067219813,0.2
189.74,256,113,-213.97,29184,57,-1.3693621180951596,0.0001,936.3343355178833,1092.4036865234375,1120,-0.0019587475500884464,0.0,0.3516142964363098,0.00035662262,0.2
188.33,255,116,-212.35,29696,58,-1.3700393922626972,0.0001,1213.9772752761842,1534.9061279296875,1140,-0.0037743136199424043,0.0,0.4028845429420471,0.0014140952,0.2
190.37,254,118,-213.4,30208,59,-1.371857450902462,0.0001,1613.133562850952,1668.9071044921875,1160,-0.004120176483411342,0.0,0.3669251799583435,0.0025605597,0.2
193.59,254,120,-218.86,30720,60,-1.3756234742701055,0.0001,1053.3151351928711,799.3489379882812,1180,-0.00379500217968598,0.0,0.21304041147232056,0.002239728,0.2
191.96,252,123,-213.33,31232,61,-1.3756833538413047,0.0001,1288.0883590698243,1516.4615478515625,1200,-0.00121321571059525,0.0,0.1785321831703186,0.00020599156,0.2
195.99,251,126,-224.12,31744,62,-1.3773335382342338,0.0001,1194.4793952941895,1107.6229248046875,1220,-0.0014826727303443477,0.0,-0.17339766025543213,0.00050482096,0.2
196.49,251,128,-217.25,32256,63,-1.3771086685359477,0.0001,1037.9032775878907,1165.600830078125,1240,-0.0037152054370380937,0.0,0.10383087396621704,0.002926593,0.2
199.56,251,130,-220.65,32768,64,-1.3760916337370872,0.0001,2004.3133087158203,1803.90576171875,1260,-0.004900935752084478,0.0,0.100730299949646,0.0019554817,0.2
203.08,251,132,-221.39,33280,65,-1.3759136661887168,0.0001,735.5462921142578,749.4964599609375,1280,-0.0016428346483735369,0.0,0.1003604531288147,0.0006268611,0.2
205.6,252,134,-226.8,33792,66,-1.3750793203711509,0.0001,1541.4814697265624,1737.0262451171875,1300,-0.001566531741991639,0.0,0.45244020223617554,0.00093421596,0.2
208.37,252,135,-226.21,34304,67,-1.3731230311095715,0.0001,867.2676219940186,476.5550537109375,1320,-0.0025983683444792405,0.0,0.11718642711639404,0.001968374,0.2
204.99,252,137,-219.93,34816,68,-1.369198276102543,0.0001,891.3154762268066,796.3695678710938,1340,-0.00150065141642699,0.0,0.2511906027793884,0.0005414708,0.2
205.51,252,139,-222.04,35328,69,-1.372181959450245,0.0001,640.3980932235718,446.756103515625,1360,-0.006279684623586945,0.0021484375,0.3387404680252075,0.0048751896,0.2
206.63,252,141,-218.42,35840,70,-1.3779525615274906,0.0001,1153.867709350586,752.1503295898438,1380,-0.0067683854256756605,0.0,0.19560813903808594,0.0032086782,0.2
204.66,252,143,-215.54,36352,71,-1.3736975602805614,0.0001,2288.201700592041,1102.0521240234375,1400,-0.006419188872678205,0.0001953125,-0.10583066940307617,0.008860588,0.2
202.97,253,145,-209.28,36864,72,-1.371425088495016,0.0001,1418.7389934539794,1161.0009765625,1420,-0.003465731008327566,0.0,0.38825130462646484,0.0029614293,0.2
205.37,253,147,-211.17,37376,73,-1.3770749539136886,0.0001,1063.8759422302246,966.9866943359375,1440,-0.005761777328734752,0.0234375,0.34486067295074463,0.0070802085,0.2
210.03,253,149,-210.42,37888,74,-1.3786466300487519,0.0001,1196.0469257354737,873.4728393554688,1460,-0.004890092258574441,0.0,0.016983985900878906,0.005522699,0.2
207.37,253,151,-201.62,38400,75,-1.3733824126422405,0.0001,2582.301638793945,2407.24951171875,1480,-0.003123612102353945,0.0,0.20864295959472656,0.0007725677,0.2
210.05,253,153,-198.75,38912,76,-1.3772957742214202,0.0001,948.8580307006836,666.7662353515625,1500,-0.005343524980708026,0.0,0.3601383566856384,0.0033460995,0.2
210.68,254,155,-195.95,39424,77,-1.3792736671864987,0.0001,1515.9298845291137,1926.203369140625,1520,-0.002593911089934409,0.0,0.22125327587127686,0.0024363035,0.2
213.5,254,157,-195.62,39936,78,-1.3815218269824983,0.0001,421.5267475128174,239.1127471923828,1540,-0.0017051059170626105,0.0,0.09759163856506348,0.0006474579,0.2
211.14,254,159,-183.53,40448,79,-1.379587922990322,0.0001,790.7805807113648,840.9532470703125,1560,-0.006994643101643305,0.010546875,0.30617278814315796,0.006672568,0.2
210.34,254,160,-182.7,40960,80,-1.3771858379244803,0.0001,1460.7836917877198,1558.790283203125,1580,-0.0016197573888348416,0.0,0.22654235363006592,0.0003577735,0.2
213.36,253,163,-191.67,41472,81,-1.3786518566310406,0.0001,806.504356765747,601.697265625,1600,-0.007681444910122082,0.0,0.3655708432197571,0.0046978537,0.2
214.71,252,166,-187.49,41984,82,-1.380169815570116,0.0001,1591.3452503204346,1279.893310546875,1620,-0.002031455625547096,0.0,0.3881123661994934,0.0014035549,0.2
216.88,250,169,-193.15,42496,83,-1.370482224971056,0.0001,833.2604686737061,425.5155029296875,1640,-0.012311018942273221,0.09423828125,0.114723801612854,0.011836297,0.2
215.6,250,171,-191.19,43008,84,-1.3641762480139732,0.0001,1701.1043800354005,1456.117919921875,1660,-0.006922612643393222,0.0103515625,0.17334890365600586,0.007019445,0.2
215.29,249,174,-198.16,43520,85,-1.3507227577269076,0.0001,870.4783695220947,934.5006103515625,1680,-0.016006702021695674,0.0224609375,0.1272338628768921,0.011665032,0.2
210.98,249,176,-190.23,44032,86,-1.3607088059186936,0.0001,1661.3616424560546,2159.58447265625,1700,-0.011855131087213523,0.04560546875,0.3996163010597229,0.012004537,0.2
208.01,249,178,-184.71,44544,87,-1.3692988902330399,0.0001,500.8882814407349,382.42547607421875,1720,-0.00961502514546737,0.0439453125,0.35394203662872314,0.009465045,0.2
207.51,249,180,-183.56,45056,88,-1.37323514893651,0.0001,1382.0879043579102,1308.7060546875,1740,-0.005064217757899314,0.00380859375,0.10398995876312256,0.00398835,0.2
204.34,248,183,-174.57,45568,89,-1.3747179351747036,0.0001,986.6034805297852,660.7420043945312,1760,-0.007406990570598282,0.0,0.13426226377487183,0.0057853423,0.2
206.07,248,185,-179.21,46080,90,-1.366018634289503,0.0001,533.5390348434448,410.3627014160156,1780,-0.011529358096595388,0.04423828125,0.29162847995758057,0.017521337,0.2
198.6,248,187,-177.42,46592,91,-1.3664072535932064,0.0001,1107.6572261810302,838.7023315429688,1800,-0.004352897781063803,0.0017578125,0.34346717596054077,0.0050168466,0.2
198.92,246,191,-187.24,47104,92,-1.3757287874817847,0.0001,2565.752448272705,2369.667236328125,1820,-0.010518656052590813,0.03681640625,0.015951097011566162,0.007316005,0.2
195.7,245,194,-179.07,47616,93,-1.3760010212659837,0.0001,2152.499564361572,1783.1522216796875,1840,-0.008112066975445486,0.0548828125,0.08150488138198853,0.008765258,0.2
195.46,245,196,-177.97,48128,94,-1.374649602174759,0.0001,2189.498867034912,1071.8702392578125,1860,-0.002113557509437669,0.0009765625,0.2797788381576538,0.0025272707,0.2
189.23,245,198,-165.8,48640,95,-1.3669667296111583,0.0001,617.8434282302857,648.5321655273438,1880,-0.011218865794944577,0.03486328125,0.32730531692504883,0.015584276,0.2
192.57,245,200,-166.24,49152,96,-1.3631369829177857,0.0001,1072.1541343688964,796.8548583984375,1900,-0.012260461162077263,0.01328125,0.22321367263793945,0.012518918,0.2
189.37,245,202,-160.87,49664,97,-1.366939126700163,0.0001,2182.880336380005,2525.53662109375,1920,-0.0030038715471164324,0.0,0.03226184844970703,0.0015955196,0.2
188.87,245,204,-161.87,50176,98,-1.3623804613947867,0.0001,715.937050819397,552.6210327148438,1940,-0.005444535115384497,0.00166015625,0.35896581411361694,0.004831792,0.2
185.02,245,206,-150.84,50688,99,-1.3708887584507465,0.0001,610.4886423110962,489.8490905761719,1960,-0.014053708830033429,0.0330078125,0.1012035608291626,0.012742521,0.2
181.12,245,208,-148.41,51200,100,-1.3681869201362133,0.0001,615.1394613265991,586.9409790039062,1980,-0.006109061648021452,0.01455078125,0.30354058742523193,0.0058435993,0.2
185.56,244,211,-155.36,51712,101,-1.3733628779649734,0.0001,1446.7645416259766,930.4052734375,2000,-0.01824471998261288,0.0787109375,0.39394688606262207,0.013141211,0.2
188.8,243,214,-160.52,52224,102,-1.3698147334158421,0.0001,948.2563724517822,716.0443725585938,2020,-0.007003205368528142,0.025,0.23248690366744995,0.009903412,0.2
186.14,243,216,-155.45,52736,103,-1.3722439795732497,0.0001,1247.2547706604005,1542.4285888671875,2040,-0.019170630403095856,0.1375,0.27453410625457764,0.018365866,0.2
183.97,242,219,-161.15,53248,104,-1.3577952176332473,0.0001,394.8094479560852,250.1903839111328,2060,-0.010645777668105438,0.04716796875,0.39057570695877075,0.008481236,0.2
186.44,242,221,-166.88,53760,105,-1.368529274314642,0.0001,2929.124906158447,3731.620361328125,2080,-0.004957281312090345,0.00048828125,0.14675956964492798,0.008428627,0.2
187.0,242,224,-172.74,54272,106,-1.360013047605753,0.0001,1383.788073348999,1411.022705078125,2100,-0.006044122573803179,0.02177734375,0.27933794260025024,0.009169279,0.2
186.01,242,226,-169.52,54784,107,-1.3379426054656505,0.0001,975.7197610855103,837.95947265625,2120,-0.014065499886055478,0.0720703125,-0.034834980964660645,0.009700066,0.2
187.76,242,228,-175.68,55296,108,-1.342257921397686,0.0001,3089.0048751831055,2540.3193359375,2140,-0.0074134520575171335,0.02890625,0.04168093204498291,0.0053809946,0.2
192.15,242,230,-176.71,55808,109,-1.3533967725932599,0.0001,1447.3305870056151,1166.3089599609375,2160,-0.012804039212642237,0.130078125,-0.13393032550811768,0.013668549,0.2
187.28,242,232,-168.39,56320,110,-1.3575920261442662,0.0001,2044.8915424346924,1774.8082275390625,2180,-0.0016530174005310982,0.0,0.10028362274169922,0.00060263055,0.2
190.2,242,234,-174.03,56832,111,-1.359437272697687,0.0001,2530.5326820373534,2063.169189453125,2200,-0.013470173063979018,0.05068359375,-0.0448307991027832,0.01243117,0.2
193.4,242,236,-175.21,57344,112,-1.352725724130869,0.0001,968.9872596740722,694.78662109375,2220,-0.01807762089301832,0.16259765625,0.09197461605072021,0.015619479,0.2
191.0,242,238,-176.65,57856,113,-1.345274731516838,0.0001,2164.767589187622,1959.6531982421875,2240,-0.011258952785283327,0.02900390625,0.05883711576461792,0.012187059,0.2
188.39,242,240,-176.78,58368,114,-1.3498050317168235,0.0001,572.5395448684692,395.3497619628906,2260,-0.012650098578887992,0.04443359375,0.41172146797180176,0.011211928,0.2
188.39,242,242,-179.49,58880,115,-1.3509897127747537,0.0001,1237.5252647399902,1111.9647216796875,2280,-0.002512011121143587,0.00048828125,0.5317751467227936,0.0022822404,0.2
184.32,242,244,-178.78,59392,116,-1.3398918502032757,0.0001,634.4731147766113,755.1949462890625,2300,-0.00479293071111897,0.011328125,0.4632630944252014,0.0072439965,0.2
183.61,242,247,-173.88,59904,117,-1.3410982936620712,0.0001,1220.8781497955322,762.2572631835938,2320,-0.006449631669966038,0.01650390625,0.41226404905319214,0.011389125,0.2
176.25,242,249,-158.76,60416,118,-1.3232810467481613,0.0001,767.6345840454102,631.621826171875,2340,-0.01478277831338346,0.04033203125,0.19371020793914795,0.012271119,0.2
180.65,242,251,-159.55,60928,119,-1.311554655432701,0.0001,701.5797424316406,552.0538330078125,2360,-0.004409627077984623,0.00048828125,0.443442702293396,0.0056019137,0.2
184.01,242,253,-162.93,61440,120,-1.3219025306403638,0.0001,801.7920072555542,683.5809326171875,2380,-0.002084020187612623,0.0,0.4273601770401001,0.0013337737,0.2
185.0,241,257,-170.68,61952,121,-1.2974506430327892,0.0001,1401.4902587890624,1099.8780517578125,2400,-0.004152868347591721,0.0099609375,0.10862022638320923,0.007131162,0.2
187.97,240,260,-169.81,62464,122,-1.3209686882793903,0.0001,1541.6588146209717,1627.6746826171875,2420,-0.016535104665672408,0.09482421875,0.16718196868896484,0.009317601,0.2
191.02,239,262,-173.99,62976,123,-1.3297261498868465,0.0001,1039.8044414520264,1003.6264038085938,2440,-0.007166049955412745,0.03564453125,0.09514355659484863,0.009971258,0.2
194.68,239,264,-180.24,63488,124,-1.3186808489263058,0.0001,2414.0350425720217,4769.6083984375,2460,-0.006914054782828316,0.02783203125,0.06284821033477783,0.0059165666,0.2
196.44,239,267,-184.84,64000,125,-1.305868247896433,0.0001,1052.5513534545898,750.6324462890625,2480,-0.005655551343807019,0.01416015625,0.3286898136138916,0.006209544,0.2
197.43,239,269,-185.68,64512,126,-1.2941760659217834,0.0001,1062.2275173187256,801.9392700195312,2500,-0.002759286545915529,0.0,0.31341612339019775,0.002228375,0.2
197.73,239,271,-190.52,65024,127,-1.3219689205288887,0.0001,795.3581092834472,624.8297729492188,2520,-0.006977656466187909,0.01787109375,0.3144034743309021,0.007243161,0.2
203.58,239,274,-195.92,65536,128,-1.3030267767608166,0.0001,848.2618761062622,894.7619018554688,2540,-0.012028600194025785,0.07080078125,0.4417889714241028,0.011829477,0.2
205.27,238,276,-197.31,66048,129,-1.3441132470965385,0.0001,771.1673444747925,946.22412109375,2560,-0.017187234183074905,0.1125,0.36781787872314453,0.011352472,0.2
202.59,238,278,-193.78,66560,130,-1.3263201765716075,0.0001,630.4217636108399,643.2236328125,2580,-0.004759563639527187,0.00966796875,0.3855781555175781,0.009485675,0.2
202.97,238,280,-189.36,67072,131,-1.3247502639889717,0.0001,861.881307220459,617.8676147460938,2600,-0.014243991457624361,0.08525390625,0.21552389860153198,0.013853738,0.2
199.02,238,283,-178.45,67584,132,-1.3408457197248935,0.0001,863.6166917800904,724.1836547851562,2620,-0.0070988317806040865,0.0146484375,0.466144859790802,0.0054344926,0.2
199.01,238,285,-173.44,68096,133,-1.3421579644083976,0.0001,1868.4364175796509,1278.7506103515625,2640,-0.004997379804262891,0.0041015625,-0.2109696865081787,0.007218593,0.2
198.45,238,287,-172.15,68608,134,-1.317372377961874,0.0001,592.082525062561,397.2876892089844,2660,-0.0065292864223010835,0.0166015625,0.25191158056259155,0.00810438,0.2
200.17,237,290,-178.36,69120,135,-1.3288891643285752,0.0001,958.8789649963379,728.8790283203125,2680,-0.00607342325092759,0.02490234375,0.3532172441482544,0.0102949515,0.2
199.42,237,293,-181.94,69632,136,-1.3302862785756588,0.0001,911.2002077102661,787.060302734375,2700,-0.010387157220975496,0.0353515625,0.3641267418861389,0.01146853,0.2
202.48,237,295,-177.0,70144,137,-1.3303837783634662,0.0001,946.4212280273438,771.652099609375,2720,-0.012709708482725545,0.0654296875,0.33697664737701416,0.013032684,0.2
196.63,236,298,-171.19,70656,138,-1.3222859628498553,0.0001,1022.0121349334717,767.415283203125,2740,-0.00875721559568774,0.04306640625,-0.10152697563171387,0.012138776,0.2
198.06,236,301,-168.17,71168,139,-1.3333124056458474,0.0001,873.6607276916504,696.8531494140625,2760,-0.012061872144113295,0.06650390625,0.2728368639945984,0.012183318,0.2
198.77,236,303,-165.52,71680,140,-1.3317652843892573,0.0001,333.84868602752687,203.13946533203125,2780,-0.0054280800773995,0.01376953125,0.5259884893894196,0.0036324663,0.2
195.7,236,305,-157.41,72192,141,-1.3267658457159996,0.0001,521.7485523223877,409.3544006347656,2800,-0.004170796388643793,0.00166015625,0.3347659111022949,0.0029367455,0.2
199.02,236,307,-157.4,72704,142,-1.3326012402772904,0.0001,1905.121915435791,1432.58544921875,2820,-0.002256507845595479,9.765625e-05,0.02681213617324829,0.0027945074,0.2
202.9,236,310,-163.01,73216,143,-1.318494662642479,0.0001,1614.3071212768555,502.7087707519531,2840,-0.007873990717052947,0.010546875,0.06135892868041992,0.010035792,0.2
203.92,235,312,-158.94,73728,144,-1.31712646484375,0.0001,849.1139028549194,606.2876586914062,2860,-0.01087665413506329,0.059765625,0.29450929164886475,0.009079652,0.2
195.52,236,314,-135.38,74240,145,-1.3174732692539692,0.0001,653.506794166565,618.7506103515625,2880,-0.01357314272026997,0.055078125,0.3987302780151367,0.0113486815,0.2
190.78,236,316,-125.64,74752,146,-1.3376697912812232,0.0001,2167.779941177368,1830.3829345703125,2900,-0.0044337793660815805,0.00302734375,0.24023258686065674,0.002991158,0.2
180.25,235,319,-112.86,75264,147,-1.3444600902497768,0.0001,1603.4535186767578,2090.581787109375,2920,-0.004169812187319622,0.00126953125,0.011737048625946045,0.0034954285,0.2
181.66,235,322,-111.47,75776,148,-1.3567466147243976,0.0001,732.1482913970947,630.3223266601562,2940,-0.012613799609243869,0.05224609375,0.4060782194137573,0.01058363,0.2
178.83,235,324,-105.6,76288,149,-1.3568818882107734,0.0001,705.2148441314697,627.4461669921875,2960,-0.005545575445285067,0.01142578125,0.5612110495567322,0.008123584,0.2
179.02,234,326,-96.73,76800,150,-1.3500509776175023,0.0001,618.5032350540162,520.3291625976562,2980,-0.010795109820901417,0.05361328125,0.498116135597229,0.008620946,0.2
181.08,234,329,-95.14,77312,151,-1.3249616861343383,0.0001,713.4156749725341,830.19384765625,3000,-0.00573838026903104,0.0169921875,0.41106200218200684,0.0034186146,0.2
181.8,233,332,-91.94,77824,152,-1.332437312602997,0.0001,591.8756353378296,450.3106994628906,3020,-0.0026492506192880684,0.0,0.4375770092010498,0.0035333773,0.2
182.34,233,335,-95.3,78336,153,-1.3124680139124394,0.0001,536.3533536911011,302.2300109863281,3040,-0.0029241971889859995,0.0078125,0.6367380321025848,0.0055262377,0.2
186.33,232,338,-96.31,78848,154,-1.3274549335241317,0.0001,1213.1105098724365,947.2677001953125,3060,-0.022071009888895786,0.1462890625,0.6678464412689209,0.017532647,0.2
176.39,232,340,-78.85,79360,155,-1.3195868901908399,0.0001,2313.8140369415282,1619.889404296875,3080,-0.006232154797180556,0.00986328125,-0.16283929347991943,0.008242379,0.2
177.3,232,342,-81.87,79872,156,-1.3279249288141728,0.0001,1667.189073944092,1275.0496826171875,3100,-0.004781641662702896,0.01357421875,0.2303447723388672,0.009065246,0.2
172.7,232,345,-68.86,80384,157,-1.310921373963356,0.0001,770.8707698822021,446.7479248046875,3120,-0.007489704937324859,0.0365234375,0.2583248019218445,0.007937595,0.2
171.08,232,347,-60.93,80896,158,-1.3094011284410954,0.0001,393.1892072677612,292.56353759765625,3140,-0.009193621296435594,0.03779296875,0.10694432258605957,0.009150647,0.2
166.95,232,349,-55.03,81408,159,-1.3014738261699677,0.0001,612.2733171463012,454.6118469238281,3160,-0.005860211215622258,0.03681640625,0.29357343912124634,0.00667682,0.2
164.66,233,351,-47.25,81920,160,-1.311812087893486,0.0001,634.7146108627319,464.54949951171875,3180,-0.007768876869522501,0.02861328125,0.3320627808570862,0.009574625,0.2
161.0,233,353,-45.02,82432,161,-1.2945500560104848,0.0001,636.2573881149292,706.45751953125,3200,-0.014321152406046167,0.0923828125,0.5118859112262726,0.011858681,0.2
165.63,233,355,-48.87,82944,162,-1.3127184681594373,0.0001,767.5802803039551,502.1288757324219,3220,-0.010149984626332298,0.05517578125,0.6181980073451996,0.010683155,0.2
167.9,233,357,-45.02,83456,163,-1.3232073858380318,0.0001,1716.4624647140504,1810.016845703125,3240,-0.005932940370985307,0.01611328125,0.11226016283035278,0.009588432,0.2
167.78,233,359,-43.03,83968,164,-1.3046092480421065,0.0001,1432.1081577301024,1213.7591552734375,3260,-0.010475830419454723,0.0755859375,-0.02604055404663086,0.010413192,0.2
167.65,233,361,-43.34,84480,165,-1.3146836131811142,0.0001,427.5200921058655,288.80755615234375,3280,-0.012549304400454275,0.0919921875,0.3180592656135559,0.008704315,0.2
167.03,233,364,-39.39,84992,166,-1.3119338475167752,0.0001,615.0780204772949,475.9755554199219,3300,-0.00427195064839907,0.0263671875,0.523960292339325,0.005558219,0.2
169.74,233,366,-34.88,85504,167,-1.31745790168643,0.0001,388.6343738555908,214.31085205078125,3320,-0.01164632964937482,0.09697265625,0.6740576028823853,0.012243183,0.2
170.39,233,368,-38.04,86016,168,-1.3130691334605218,0.0001,333.92620544433595,211.25128173828125,3340,-0.01260475605376996,0.09052734375,0.3180692195892334,0.012440341,0.2
169.23,233,370,-33.63,86528,169,-1.3108112074434757,0.0001,1061.4770990371703,464.38555908203125,3360,-0.010060169530333951,0.05107421875,0.59412881731987,0.008276523,0.2
172.63,233,372,-39.7,87040,170,-1.2985601417720318,0.0001,770.1827142715454,680.2427978515625,3380,-0.006066896821721457,0.03349609375,0.5573180615901947,0.0078061903,0.2
173.89,233,374,-41.65,87552,171,-1.2932323530316352,0.0001,1254.538335800171,685.4397583007812,3400,-0.0015580249193590135,0.0,0.5700936019420624,0.0014007208,0.2
175.95,233,376,-38.94,88064,172,-1.2932174742221831,0.0001,2216.13914604187,1385.8243408203125,3420,-0.005027549481019378,0.022265625,0.03223329782485962,0.0036645671,0.2
181.16,233,379,-44.43,88576,173,-1.3140617519617082,0.0001,529.9314224243165,250.30418395996094,3440,-0.007462137506809086,0.03203125,0.3320966362953186,0.011798173,0.2
172.62,233,381,-40.25,89088,174,-1.2926424704492092,0.0001,966.8188991546631,605.0771484375,3460,-0.011649391015816945,0.0986328125,0.27989357709884644,0.012066704,0.2
173.67,233,384,-38.41,89600,175,-1.2977819964289665,0.0001,893.9828489303588,653.6103515625,3480,-0.014024284086190164,0.0931640625,0.5848700106143951,0.009386154,0.2
167.77,233,386,-33.03,90112,176,-1.29785078689456,0.0001,539.6657760620117,376.6119689941406,3500,-0.009747789683751762,0.065234375,0.42859435081481934,0.010466799,0.2
169.11,233,388,-30.85,90624,177,-1.3006114386022092,0.0001,517.1369173049927,378.1904296875,3520,-0.02103113642660901,0.18310546875,0.5742979347705841,0.014163451,0.2
171.65,233,390,-44.86,91136,178,-1.2848718479275703,0.0001,563.4482177734375,363.1768798828125,3540,-0.010617250925861299,0.06142578125,0.6209389865398407,0.0074067283,0.2
172.72,233,393,-41.19,91648,179,-1.2944772109389304,0.0001,1138.0139526367188,1045.5810546875,3560,-0.00956212809542194,0.0447265625,0.5441164672374725,0.010197317,0.2
175.77,233,395,-43.33,92160,180,-1.3236917726695538,0.0001,738.7141008377075,325.32354736328125,3580,-0.009485156816663221,0.03994140625,0.41610872745513916,0.012668921,0.2
178.96,233,397,-44.67,92672,181,-1.3145126178860664,0.0001,1944.4481395721436,1014.1934204101562,3600,-0.010370630485704168,0.05546875,0.11133313179016113,0.008590059,0.2
181.8,233,399,-44.26,93184,182,-1.3013894729316235,0.0001,378.31068382263186,259.42913818359375,3620,-0.0212301995488815,0.1271484375,0.5288649201393127,0.014878137,0.2
187.38,233,401,-52.19,93696,183,-1.2941598527133464,0.0001,1408.1514945983886,1256.682373046875,3640,-0.011047792152385227,0.05517578125,0.16114747524261475,0.011055959,0.2
188.17,233,403,-58.96,94208,184,-1.300945495069027,0.0001,538.4636722564697,498.6993103027344,3660,-0.011351401510182768,0.05830078125,0.5282271802425385,0.009752527,0.2
188.36,233,405,-59.96,94720,185,-1.306411898136139,0.0001,476.6749238014221,234.80404663085938,3680,-0.005813225798192434,0.00595703125,-0.10562396049499512,0.004166767,0.2
188.9,233,407,-59.25,95232,186,-1.2868675768375397,0.0001,612.4764228820801,448.3725280761719,3700,-0.010945023625390604,0.06083984375,0.2841111421585083,0.014695844,0.2
189.21,234,409,-57.71,95744,187,-1.3184493824839592,0.0001,657.6647601127625,527.024658203125,3720,-0.010322103247744963,0.07724609375,0.47719472646713257,0.010335734,0.2
189.86,234,410,-63.51,96256,188,-1.2915364407002925,0.0001,1923.3963539123536,1382.3798828125,3740,-0.013472477688628715,0.09462890625,0.21503573656082153,0.010446461,0.2
189.39,234,412,-62.77,96768,189,-1.2958281502127647,0.0001,704.1593664169311,573.156005859375,3760,-0.006654053991951514,0.01708984375,0.3639459013938904,0.0066797277,0.2
188.54,234,414,-59.82,97280,190,-1.2789362989366055,0.0001,1152.6016498565673,744.7344360351562,3780,-0.010751202463870868,0.04736328125,0.3563846945762634,0.009656943,0.2
186.56,234,416,-58.39,97792,191,-1.3079329021275043,0.0001,428.21295433044435,333.43341064453125,3800,-0.009191282812389545,0.033984375,0.655083417892456,0.01000525,0.2
191.15,234,418,-62.17,98304,192,-1.2874154336750507,0.0001,621.1655611038208,407.93084716796875,3820,-0.002409236112725921,0.00927734375,0.5829330682754517,0.0029531808,0.2
194.17,234,420,-65.88,98816,193,-1.2877424389123917,0.0001,281.05248107910154,180.7538299560547,3840,-0.007405924241174944,0.03857421875,0.839620366692543,0.008264573,0.2
194.66,235,422,-63.14,99328,194,-1.2598863162100316,0.0001,1954.794638824463,1951.1502685546875,3860,-0.003834622987778857,0.0150390625,0.06333315372467041,0.008462266,0.2
194.51,235,424,-60.13,99840,195,-1.2868081703782082,0.0001,636.4743188858032,481.5529479980469,3880,-0.0159747994155623,0.1005859375,0.6832707524299622,0.015910167,0.2
193.52,235,426,-59.0,100352,196,-1.2934770658612251,0.0001,497.4793701171875,376.5889587402344,3900,-0.008873926553496858,0.0796875,0.6917311251163483,0.00952182,0.2
